Result,Margin,Margin_by_runs,Margin_by_wickets,Toss,Bat,Opposition,Ground,Start_Date,Match_Type,Match_ID,Country,Country_ID
won,85 runs,,,lost,1st,India,Kolkata,01/03/13,ODI,3315,Pakistan,7
lost,85 runs,,,won,2nd,Pakistan,Kolkata,01/03/13,ODI,3315,India,6
lost,10 runs,,,lost,2nd,India,Delhi,01/06/13,ODI,3316,Pakistan,7
won,10 runs,,,won,1st,Pakistan,Delhi,01/06/13,ODI,3316,India,6
lost,107 runs,,,lost,2nd,Australia,Melbourne,01/11/13,ODI,3317,Sri Lanka,8
won,107 runs,,,won,1st,Sri Lanka,Melbourne,01/11/13,ODI,3317,Australia,2
lost,9 runs,,,lost,2nd,England,Rajkot,01/11/13,ODI,3318,India,6
won,9 runs,,,won,1st,India,Rajkot,01/11/13,ODI,3318,England,1
won,8 wickets,,,won,2nd,Australia,Adelaide,01/13/13,ODI,3319,Sri Lanka,8
lost,8 wickets,,,lost,1st,Sri Lanka,Adelaide,01/13/13,ODI,3319,Australia,2
won,127 runs,,,won,1st,England,Kochi,01/15/13,ODI,3320,India,6
lost,127 runs,,,lost,2nd,India,Kochi,01/15/13,ODI,3320,England,1
won,4 wickets,,,lost,2nd,Australia,Brisbane,01/18/13,ODI,3321,Sri Lanka,8
lost,4 wickets,,,won,1st,Sri Lanka,Brisbane,01/18/13,ODI,3321,Australia,2
won,7 wickets,,,won,2nd,England,Ranchi,01/19/13,ODI,3322,India,6
lost,7 wickets,,,lost,1st,India,Ranchi,01/19/13,ODI,3322,England,1
lost,1 wickets,,,lost,1st,New Zealand,Paarl,01/19/13,ODI,3323,South Africa,3
won,1 wickets,,,won,2nd,South Africa,Paarl,01/19/13,ODI,3323,New Zealand,5
n/r,-,,,lost,2nd,Australia,Sydney,01/20/13,ODI,3324,Sri Lanka,8
n/r,-,,,won,1st,Sri Lanka,Sydney,01/20/13,ODI,3324,Australia,2
lost,27 runs,,,won,2nd,New Zealand,Kimberley,01/22/13,ODI,3325,South Africa,3
won,27 runs,,,lost,1st,South Africa,Kimberley,01/22/13,ODI,3325,New Zealand,5
lost,32 runs,,,won,2nd,Australia,Hobart,01/23/13,ODI,3326,Sri Lanka,8
won,32 runs,,,lost,1st,Sri Lanka,Hobart,01/23/13,ODI,3326,Australia,2
won,5 wickets,,,won,2nd,England,Mohali,01/23/13,ODI,3327,India,6
lost,5 wickets,,,lost,1st,India,Mohali,01/23/13,ODI,3327,England,1
won,1 wickets,,,lost,2nd,New Zealand,Potchefstroom,01/25/13,ODI,3328,South Africa,3
lost,1 wickets,,,won,1st,South Africa,Potchefstroom,01/25/13,ODI,3328,New Zealand,5
lost,7 wickets,,,lost,1st,England,Dharamsala,01/27/13,ODI,3329,India,6
won,7 wickets,,,won,2nd,India,Dharamsala,01/27/13,ODI,3329,England,1
lost,9 wickets,,,won,1st,Australia,Perth,02/01/13,ODI,3330,West Indies,4
won,9 wickets,,,lost,2nd,West Indies,Perth,02/01/13,ODI,3330,Australia,2
lost,54 runs,,,won,2nd,Australia,Perth,02/03/13,ODI,3331,West Indies,4
won,54 runs,,,lost,1st,West Indies,Perth,02/03/13,ODI,3331,Australia,2
lost,39 runs,,,lost,2nd,Australia,Canberra,02/06/13,ODI,3332,West Indies,4
won,39 runs,,,won,1st,West Indies,Canberra,02/06/13,ODI,3332,Australia,2
lost,5 wickets,,,won,1st,Australia,Sydney,02/08/13,ODI,3333,West Indies,4
won,5 wickets,,,lost,2nd,West Indies,Sydney,02/08/13,ODI,3333,Australia,2
lost,17 runs,,,won,2nd,Australia,Melbourne,02/10/13,ODI,3334,West Indies,4
won,17 runs,,,lost,1st,West Indies,Melbourne,02/10/13,ODI,3334,Australia,2
won,3 wickets,,,won,2nd,England,Hamilton,02/17/13,ODI,3335,New Zealand,5
lost,3 wickets,,,lost,1st,New Zealand,Hamilton,02/17/13,ODI,3335,England,1
lost,8 wickets,,,lost,1st,England,Napier,02/20/13,ODI,3336,New Zealand,5
won,8 wickets,,,won,2nd,New Zealand,Napier,02/20/13,ODI,3336,England,1
won,156 runs,,,lost,1st,Zimbabwe,St George's,02/22/13,ODI,3337,West Indies,4
lost,5 wickets,,,lost,1st,England,Auckland,02/23/13,ODI,3338,New Zealand,5
won,5 wickets,,,won,2nd,New Zealand,Auckland,02/23/13,ODI,3338,England,1
won,7 wickets,,,lost,2nd,Zimbabwe,St George's,02/24/13,ODI,3339,West Indies,4
won,5 wickets,,,lost,2nd,Zimbabwe,St George's,02/26/13,ODI,3340,West Indies,4
won,7 wickets,,,lost,2nd,Scotland,Sharjah,03/06/13,ODI,3341,Afghanistan,40
won,5 wickets,,,won,2nd,Scotland,Sharjah,03/08/13,ODI,3342,Afghanistan,40
won,125 runs,,,lost,1st,Pakistan,Bloemfontein,03/10/13,ODI,3343,South Africa,3
lost,125 runs,,,won,2nd,South Africa,Bloemfontein,03/10/13,ODI,3343,Pakistan,7
lost,6 wickets,,,won,1st,Pakistan,Centurion,03/15/13,ODI,3346,South Africa,3
won,6 wickets,,,lost,2nd,South Africa,Centurion,03/15/13,ODI,3346,Pakistan,7
won,34 runs,,,lost,1st,Pakistan,Johannesburg,03/17/13,ODI,3347,South Africa,3
lost,34 runs,,,won,2nd,South Africa,Johannesburg,03/17/13,ODI,3347,Pakistan,7
lost,3 wickets,,,won,1st,Pakistan,Durban,03/21/13,ODI,3348,South Africa,3
won,3 wickets,,,lost,2nd,South Africa,Durban,03/21/13,ODI,3348,Pakistan,7
won,8 wickets,,,won,2nd,Bangladesh,Hambantota,03/23/13,ODI,3349,Sri Lanka,8
lost,8 wickets,,,lost,1st,Sri Lanka,Hambantota,03/23/13,ODI,3349,Bangladesh,25
won,6 wickets,,,lost,2nd,Pakistan,Benoni,03/24/13,ODI,3350,South Africa,3
lost,6 wickets,,,won,1st,South Africa,Benoni,03/24/13,ODI,3350,Pakistan,7
n/r,-,,,lost,1st,Bangladesh,Hambantota,03/25/13,ODI,3351,Sri Lanka,8
n/r,-,,,won,2nd,Sri Lanka,Hambantota,03/25/13,ODI,3351,Bangladesh,25
lost,3 wickets,,,won,1st,Bangladesh,Pallekele,03/28/13,ODI,3352,Sri Lanka,8
won,3 wickets,,,lost,2nd,Sri Lanka,Pallekele,03/28/13,ODI,3352,Bangladesh,25
won,121 runs,,,lost,1st,Zimbabwe,Bulawayo,05/03/13,ODI,3353,Bangladesh,25
lost,6 wickets,,,lost,1st,Zimbabwe,Bulawayo,05/05/13,ODI,3354,Bangladesh,25
lost,7 wickets,,,lost,1st,Zimbabwe,Bulawayo,05/08/13,ODI,3355,Bangladesh,25
won,96 runs,,,won,1st,Scotland,Edinburgh,05/17/13,ODI,3356,Pakistan,7
aban,-,,,-,-,Scotland,Edinburgh,05/19/13,ODI,3356,Pakistan,7
tied,-,,,won,1st,Ireland,Dublin,05/23/13,ODI,3357,Pakistan,7
won,2 wickets,,,won,2nd,Ireland,Dublin,05/26/13,ODI,3358,Pakistan,7
won,83 runs,,,won,1st,Netherlands,Amstelveen,05/31/13,ODI,3359,South Africa,3
won,5 wickets,,,won,2nd,England,Lord's,05/31/13,ODI,3360,New Zealand,5
lost,5 wickets,,,lost,1st,New Zealand,Lord's,05/31/13,ODI,3360,England,1
won,86 runs,,,won,1st,England,Southampton,06/02/13,ODI,3361,New Zealand,5
lost,86 runs,,,lost,2nd,New Zealand,Southampton,06/02/13,ODI,3361,England,1
lost,34 runs,,,won,2nd,England,Nottingham,06/05/13,ODI,3362,New Zealand,5
won,34 runs,,,lost,1st,New Zealand,Nottingham,06/05/13,ODI,3362,England,1
lost,26 runs,,,won,2nd,India,Cardiff,06/06/13,ODI,3363,South Africa,3
won,26 runs,,,lost,1st,South Africa,Cardiff,06/06/13,ODI,3363,India,6
won,2 wickets,,,won,2nd,Pakistan,The Oval,06/07/13,ODI,3364,West Indies,4
lost,2 wickets,,,lost,1st,West Indies,The Oval,06/07/13,ODI,3364,Pakistan,7
won,48 runs,,,won,1st,Australia,Birmingham,06/08/13,ODI,3365,England,1
lost,48 runs,,,lost,2nd,England,Birmingham,06/08/13,ODI,3365,Australia,2
lost,1 wickets,,,won,1st,New Zealand,Cardiff,06/09/13,ODI,3366,Sri Lanka,8
won,1 wickets,,,lost,2nd,Sri Lanka,Cardiff,06/09/13,ODI,3366,New Zealand,5
won,67 runs,,,won,1st,Pakistan,Birmingham,06/10/13,ODI,3367,South Africa,3
lost,67 runs,,,lost,2nd,South Africa,Birmingham,06/10/13,ODI,3367,Pakistan,7
lost,8 wickets,,,lost,1st,India,The Oval,06/11/13,ODI,3368,West Indies,4
won,8 wickets,,,won,2nd,West Indies,The Oval,06/11/13,ODI,3368,India,6
n/r,-,,,lost,2nd,Australia,Birmingham,06/12/13,ODI,3369,New Zealand,5
n/r,-,,,won,1st,New Zealand,Birmingham,06/12/13,ODI,3369,Australia,2
won,7 wickets,,,won,2nd,England,The Oval,06/13/13,ODI,3370,Sri Lanka,8
lost,7 wickets,,,lost,1st,Sri Lanka,The Oval,06/13/13,ODI,3370,England,1
tied,-,,,won,2nd,South Africa,Cardiff,06/14/13,ODI,3371,West Indies,4
tied,-,,,lost,1st,West Indies,Cardiff,06/14/13,ODI,3371,South Africa,3
lost,8 wickets,,,lost,1st,India,Birmingham,06/15/13,ODI,3372,Pakistan,7
won,8 wickets,,,won,2nd,Pakistan,Birmingham,06/15/13,ODI,3372,India,6
lost,10 runs,,,won,2nd,England,Cardiff,06/16/13,ODI,3373,New Zealand,5
won,10 runs,,,lost,1st,New Zealand,Cardiff,06/16/13,ODI,3373,England,1
won,20 runs,,,lost,1st,Australia,The Oval,06/17/13,ODI,3374,Sri Lanka,8
lost,20 runs,,,won,2nd,Sri Lanka,The Oval,06/17/13,ODI,3374,Australia,2
lost,7 wickets,,,lost,1st,England,The Oval,06/19/13,ODI,3375,South Africa,3
won,7 wickets,,,won,2nd,South Africa,The Oval,06/19/13,ODI,3375,England,1
lost,8 wickets,,,lost,1st,India,Cardiff,06/20/13,ODI,3376,Sri Lanka,8
won,8 wickets,,,won,2nd,Sri Lanka,Cardiff,06/20/13,ODI,3376,India,6
won,5 runs,,,lost,1st,England,Birmingham,06/23/13,ODI,3377,India,6
lost,5 runs,,,won,2nd,India,Birmingham,06/23/13,ODI,3377,England,1
won,6 wickets,,,won,2nd,Sri Lanka,Kingston,06/28/13,ODI,3378,West Indies,4
lost,6 wickets,,,lost,1st,West Indies,Kingston,06/28/13,ODI,3378,Sri Lanka,8
won,1 wickets,,,won,2nd,India,Kingston,06/30/13,ODI,3380,West Indies,4
lost,1 wickets,,,lost,1st,West Indies,Kingston,06/30/13,ODI,3380,India,6
won,161 runs,,,lost,1st,India,Kingston,07/02/13,ODI,3382,Sri Lanka,8
lost,161 runs,,,won,2nd,Sri Lanka,Kingston,07/02/13,ODI,3382,India,6
lost,102 runs,,,won,2nd,India,Port of Spain,07/05/13,ODI,3383,West Indies,4
won,102 runs,,,lost,1st,West Indies,Port of Spain,07/05/13,ODI,3383,India,6
lost,39 runs,,,won,2nd,Sri Lanka,Port of Spain,07/07/13,ODI,3385,West Indies,4
won,39 runs,,,lost,1st,West Indies,Port of Spain,07/07/13,ODI,3385,Sri Lanka,8
lost,81 runs,,,won,2nd,India,Port of Spain,07/09/13,ODI,3387,Sri Lanka,8
won,81 runs,,,lost,1st,Sri Lanka,Port of Spain,07/09/13,ODI,3387,India,6
lost,1 wickets,,,lost,1st,India,Port of Spain,07/11/13,ODI,3388,Sri Lanka,8
won,1 wickets,,,won,2nd,Sri Lanka,Port of Spain,07/11/13,ODI,3388,India,6
lost,126 runs,,,won,2nd,Pakistan,Providence,07/14/13,ODI,3389,West Indies,4
won,126 runs,,,lost,1st,West Indies,Providence,07/14/13,ODI,3389,Pakistan,7
won,37 runs,,,lost,1st,Pakistan,Providence,07/16/13,ODI,3390,West Indies,4
lost,37 runs,,,won,2nd,West Indies,Providence,07/16/13,ODI,3390,Pakistan,7
tied,-,,,won,2nd,Pakistan,Gros Islet,07/19/13,ODI,3391,West Indies,4
tied,-,,,lost,1st,West Indies,Gros Islet,07/19/13,ODI,3391,Pakistan,7
won,180 runs,,,lost,1st,South Africa,Colombo (RPS),07/20/13,ODI,3392,Sri Lanka,8
lost,180 runs,,,won,2nd,Sri Lanka,Colombo (RPS),07/20/13,ODI,3392,South Africa,3
lost,6 wickets,,,lost,1st,Pakistan,Gros Islet,07/21/13,ODI,3393,West Indies,4
won,6 wickets,,,won,2nd,West Indies,Gros Islet,07/21/13,ODI,3393,Pakistan,7
won,17 runs,,,won,1st,South Africa,Colombo (RPS),07/23/13,ODI,3394,Sri Lanka,8
lost,17 runs,,,lost,2nd,Sri Lanka,Colombo (RPS),07/23/13,ODI,3394,South Africa,3
won,6 wickets,,,won,2nd,Zimbabwe,Harare,07/24/13,ODI,3395,India,6
lost,4 wickets,,,lost,1st,Pakistan,Gros Islet,07/24/13,ODI,3396,West Indies,4
won,4 wickets,,,won,2nd,West Indies,Gros Islet,07/24/13,ODI,3396,Pakistan,7
won,58 runs,,,lost,1st,Zimbabwe,Harare,07/26/13,ODI,3397,India,6
lost,56 runs,,,lost,2nd,South Africa,Pallekele,07/26/13,ODI,3398,Sri Lanka,8
won,56 runs,,,won,1st,Sri Lanka,Pallekele,07/26/13,ODI,3398,South Africa,3
won,7 wickets,,,won,2nd,Zimbabwe,Harare,07/28/13,ODI,3399,India,6
won,8 wickets,,,lost,2nd,South Africa,Pallekele,07/28/13,ODI,3400,Sri Lanka,8
lost,8 wickets,,,won,1st,Sri Lanka,Pallekele,07/28/13,ODI,3400,South Africa,3
won,128 runs,,,won,1st,South Africa,Colombo (RPS),07/31/13,ODI,3401,Sri Lanka,8
lost,128 runs,,,lost,2nd,Sri Lanka,Colombo (RPS),07/31/13,ODI,3401,South Africa,3
won,9 wickets,,,won,2nd,Zimbabwe,Bulawayo,08/01/13,ODI,3402,India,6
won,7 wickets,,,won,2nd,Zimbabwe,Bulawayo,08/03/13,ODI,3403,India,6
lost,7 wickets,,,won,1st,Zimbabwe,Harare,08/27/13,ODI,3404,Pakistan,7
won,90 runs,,,lost,1st,Zimbabwe,Harare,08/29/13,ODI,3406,Pakistan,7
won,108 runs,,,lost,1st,Zimbabwe,Harare,08/31/13,ODI,3408,Pakistan,7
won,6 wickets,,,won,2nd,Ireland,Dublin (Malahide),09/03/13,ODI,3409,England,1
won,200 runs,,,lost,1st,Scotland,Edinburgh,09/03/13,ODI,3410,Australia,2
aban,-,,,-,-,Australia,Leeds,09/06/13,ODI,3410,England,1
aban,-,,,-,-,England,Leeds,09/06/13,ODI,3410,Australia,2
lost,88 runs,,,won,2nd,Australia,Manchester,09/08/13,ODI,3412,England,1
won,88 runs,,,lost,1st,England,Manchester,09/08/13,ODI,3412,Australia,2
n/r,-,,,lost,1st,Australia,Birmingham,09/11/13,ODI,3414,England,1
n/r,-,,,won,2nd,England,Birmingham,09/11/13,ODI,3414,Australia,2
won,3 wickets,,,won,2nd,Australia,Cardiff,09/14/13,ODI,3415,England,1
lost,3 wickets,,,lost,1st,England,Cardiff,09/14/13,ODI,3415,Australia,2
lost,49 runs,,,lost,2nd,Australia,Southampton,09/16/13,ODI,3416,England,1
won,49 runs,,,won,1st,England,Southampton,09/16/13,ODI,3416,Australia,2
won,8 wickets,,,lost,2nd,Kenya,Sharjah,10/02/13,ODI,3417,Afghanistan,40
won,7 wickets,,,won,2nd,Kenya,Sharjah,10/04/13,ODI,3418,Afghanistan,40
lost,72 runs,,,lost,2nd,Australia,Pune,10/13/13,ODI,3419,India,6
won,72 runs,,,won,1st,India,Pune,10/13/13,ODI,3419,Australia,2
won,9 wickets,,,lost,2nd,Australia,Jaipur,10/16/13,ODI,3420,India,6
lost,9 wickets,,,won,1st,India,Jaipur,10/16/13,ODI,3420,Australia,2
lost,4 wickets,,,lost,1st,Australia,Mohali,10/19/13,ODI,3421,India,6
won,4 wickets,,,won,2nd,India,Mohali,10/19/13,ODI,3421,Australia,2
n/r,-,,,won,2nd,Australia,Ranchi,10/23/13,ODI,3422,India,6
n/r,-,,,lost,1st,India,Ranchi,10/23/13,ODI,3422,Australia,2
aban,-,,,-,-,Australia,Cuttack,10/26/13,ODI,3422,India,6
aban,-,,,-,-,India,Cuttack,10/26/13,ODI,3422,Australia,2
lost,43 runs,,,won,2nd,Bangladesh,Dhaka,10/29/13,ODI,3423,New Zealand,5
won,43 runs,,,lost,1st,New Zealand,Dhaka,10/29/13,ODI,3423,Bangladesh,25
won,6 wickets,,,won,2nd,Australia,Nagpur,10/30/13,ODI,3424,India,6
lost,6 wickets,,,lost,1st,India,Nagpur,10/30/13,ODI,3424,Australia,2
won,1 runs,,,won,1st,Pakistan,Sharjah,10/30/13,ODI,3425,South Africa,3
lost,1 runs,,,lost,2nd,South Africa,Sharjah,10/30/13,ODI,3425,Pakistan,7
lost,40 runs,,,lost,2nd,Bangladesh,Dhaka,10/31/13,ODI,3426,New Zealand,5
won,40 runs,,,won,1st,New Zealand,Dhaka,10/31/13,ODI,3426,Bangladesh,25
lost,66 runs,,,lost,2nd,Pakistan,Dubai (DSC),11/01/13,ODI,3427,South Africa,3
won,66 runs,,,won,1st,South Africa,Dubai (DSC),11/01/13,ODI,3427,Pakistan,7
won,57 runs,,,lost,1st,Australia,Bengaluru,11/02/13,ODI,3428,India,6
lost,57 runs,,,won,2nd,India,Bengaluru,11/02/13,ODI,3428,Australia,2
lost,4 wickets,,,lost,1st,Bangladesh,Fatullah,11/03/13,ODI,3429,New Zealand,5
won,4 wickets,,,won,2nd,New Zealand,Fatullah,11/03/13,ODI,3429,Bangladesh,25
won,68 runs,,,won,1st,Pakistan,Abu Dhabi,11/06/13,ODI,3430,South Africa,3
lost,68 runs,,,lost,2nd,South Africa,Abu Dhabi,11/06/13,ODI,3430,Pakistan,7
won,28 runs,,,won,1st,Pakistan,Abu Dhabi,11/08/13,ODI,3431,South Africa,3
lost,28 runs,,,lost,2nd,South Africa,Abu Dhabi,11/08/13,ODI,3431,Pakistan,7
n/r,-,,,lost,1st,New Zealand,Hambantota,11/10/13,ODI,3432,Sri Lanka,8
n/r,-,,,won,2nd,Sri Lanka,Hambantota,11/10/13,ODI,3432,New Zealand,5
won,117 runs,,,won,1st,Pakistan,Sharjah,11/11/13,ODI,3433,South Africa,3
lost,117 runs,,,lost,2nd,South Africa,Sharjah,11/11/13,ODI,3433,Pakistan,7
lost,4 wickets,,,won,1st,New Zealand,Hambantota,11/12/13,ODI,3434,Sri Lanka,8
won,4 wickets,,,lost,2nd,Sri Lanka,Hambantota,11/12/13,ODI,3434,New Zealand,5
won,36 runs,,,lost,1st,New Zealand,Dambulla,11/16/13,ODI,3435,Sri Lanka,8
lost,36 runs,,,won,2nd,Sri Lanka,Dambulla,11/16/13,ODI,3435,New Zealand,5
lost,6 wickets,,,won,1st,India,Kochi,11/21/13,ODI,3436,West Indies,4
won,6 wickets,,,lost,2nd,West Indies,Kochi,11/21/13,ODI,3436,India,6
won,2 wickets,,,won,2nd,India,Visakhapatnam,11/24/13,ODI,3437,West Indies,4
lost,2 wickets,,,lost,1st,West Indies,Visakhapatnam,11/24/13,ODI,3437,India,6
lost,23 runs,,,lost,2nd,Pakistan,Cape Town,11/24/13,ODI,3438,South Africa,3
won,23 runs,,,won,1st,South Africa,Cape Town,11/24/13,ODI,3438,Pakistan,7
lost,5 wickets,,,lost,1st,India,Kanpur,11/27/13,ODI,3439,West Indies,4
won,5 wickets,,,won,2nd,West Indies,Kanpur,11/27/13,ODI,3439,India,6
lost,1 runs,,,won,2nd,Pakistan,Port Elizabeth,11/27/13,ODI,3440,South Africa,3
won,1 runs,,,lost,1st,South Africa,Port Elizabeth,11/27/13,ODI,3440,Pakistan,7
won,4 wickets,,,won,2nd,Pakistan,Centurion,11/30/13,ODI,3441,South Africa,3
lost,4 wickets,,,lost,1st,South Africa,Centurion,11/30/13,ODI,3441,Pakistan,7
won,141 runs,,,lost,1st,India,Johannesburg,12/05/13,ODI,3442,South Africa,3
lost,141 runs,,,won,2nd,South Africa,Johannesburg,12/05/13,ODI,3442,India,6
won,134 runs,,,lost,1st,India,Durban,12/08/13,ODI,3443,South Africa,3
lost,134 runs,,,won,2nd,South Africa,Durban,12/08/13,ODI,3443,India,6
n/r,-,,,won,1st,India,Centurion,12/11/13,ODI,3444,South Africa,3
n/r,-,,,lost,2nd,South Africa,Centurion,12/11/13,ODI,3444,India,6
lost,11 runs,,,lost,2nd,Pakistan,Sharjah,12/18/13,ODI,3445,Sri Lanka,8
won,11 runs,,,won,1st,Sri Lanka,Sharjah,12/18/13,ODI,3445,Pakistan,7
won,2 wickets,,,won,2nd,Pakistan,Dubai (DSC),12/20/13,ODI,3446,Sri Lanka,8
lost,2 wickets,,,lost,1st,Sri Lanka,Dubai (DSC),12/20/13,ODI,3446,Pakistan,7
lost,113 runs,,,won,2nd,Pakistan,Sharjah,12/22/13,ODI,3447,Sri Lanka,8
won,113 runs,,,lost,1st,Sri Lanka,Sharjah,12/22/13,ODI,3447,Pakistan,7
lost,8 wickets,,,won,1st,Pakistan,Abu Dhabi,12/25/13,ODI,3448,Sri Lanka,8
won,8 wickets,,,lost,2nd,Sri Lanka,Abu Dhabi,12/25/13,ODI,3448,Pakistan,7
won,2 wickets,,,won,2nd,New Zealand,Auckland,12/26/13,ODI,3449,West Indies,4
lost,2 wickets,,,lost,1st,West Indies,Auckland,12/26/13,ODI,3449,New Zealand,5
won,2 wickets,,,lost,2nd,Pakistan,Abu Dhabi,12/27/13,ODI,3450,Sri Lanka,8
lost,2 wickets,,,won,1st,Sri Lanka,Abu Dhabi,12/27/13,ODI,3450,Pakistan,7
aban,-,,,-,-,New Zealand,Napier,12/29/13,ODI,3450,West Indies,4
aban,-,,,-,-,West Indies,Napier,12/29/13,ODI,3450,New Zealand,5
lost,159 runs,,,won,2nd,New Zealand,Queenstown,01/01/14,ODI,3451,West Indies,4
won,159 runs,,,lost,1st,West Indies,Queenstown,01/01/14,ODI,3451,New Zealand,5
lost,58 runs,,,lost,2nd,New Zealand,Nelson,01/04/14,ODI,3452,West Indies,4
won,58 runs,,,won,1st,West Indies,Nelson,01/04/14,ODI,3452,New Zealand,5
won,203 runs,,,lost,1st,New Zealand,Hamilton,01/08/14,ODI,3453,West Indies,4
lost,203 runs,,,won,2nd,West Indies,Hamilton,01/08/14,ODI,3453,New Zealand,5
lost,6 wickets,,,won,1st,Australia,Melbourne,01/12/14,ODI,3454,England,1
won,6 wickets,,,lost,2nd,England,Melbourne,01/12/14,ODI,3454,Australia,2
lost,1 wickets,,,won,1st,Australia,Brisbane,01/17/14,ODI,3455,England,1
won,1 wickets,,,lost,2nd,England,Brisbane,01/17/14,ODI,3455,Australia,2
won,24 runs,,,lost,1st,India,Napier,01/19/14,ODI,3456,New Zealand,5
lost,24 runs,,,won,2nd,New Zealand,Napier,01/19/14,ODI,3456,India,6
lost,7 wickets,,,won,1st,Australia,Sydney,01/19/14,ODI,3457,England,1
won,7 wickets,,,lost,2nd,England,Sydney,01/19/14,ODI,3457,Australia,2
won,15 runs,,,lost,1st,India,Hamilton,01/22/14,ODI,3458,New Zealand,5
lost,15 runs,,,won,2nd,New Zealand,Hamilton,01/22/14,ODI,3458,India,6
won,57 runs,,,lost,1st,Australia,Perth,01/24/14,ODI,3461,England,1
lost,57 runs,,,won,2nd,England,Perth,01/24/14,ODI,3461,Australia,2
tied,-,,,lost,1st,India,Auckland,01/25/14,ODI,3462,New Zealand,5
tied,-,,,won,2nd,New Zealand,Auckland,01/25/14,ODI,3462,India,6
lost,5 runs,,,lost,2nd,Australia,Adelaide,01/26/14,ODI,3463,England,1
won,5 runs,,,won,1st,England,Adelaide,01/26/14,ODI,3463,Australia,2
won,7 wickets,,,lost,2nd,India,Hamilton,01/28/14,ODI,3465,New Zealand,5
lost,7 wickets,,,won,1st,New Zealand,Hamilton,01/28/14,ODI,3465,India,6
won,87 runs,,,lost,1st,India,Wellington,01/31/14,ODI,3467,New Zealand,5
lost,87 runs,,,won,2nd,New Zealand,Wellington,01/31/14,ODI,3467,India,6
won,13 runs,,,lost,1st,Bangladesh,Dhaka,02/17/14,ODI,3469,Sri Lanka,8
lost,13 runs,,,won,2nd,Sri Lanka,Dhaka,02/17/14,ODI,3469,Bangladesh,25
won,61 runs,,,won,1st,Bangladesh,Dhaka,02/20/14,ODI,3470,Sri Lanka,8
lost,61 runs,,,lost,2nd,Sri Lanka,Dhaka,02/20/14,ODI,3470,Bangladesh,25
won,6 wickets,,,won,2nd,Bangladesh,Dhaka,02/22/14,ODI,3471,Sri Lanka,8
lost,6 wickets,,,lost,1st,Sri Lanka,Dhaka,02/22/14,ODI,3471,Bangladesh,25
won,4 wickets,,,lost,2nd,Ireland,Kingston,02/23/14,ODI,3472,West Indies,4
won,12 runs,,,won,1st,Pakistan,Fatullah,02/25/14,ODI,3473,Sri Lanka,8
lost,12 runs,,,lost,2nd,Sri Lanka,Fatullah,02/25/14,ODI,3473,Pakistan,7
won,6 wickets,,,won,2nd,Bangladesh,Fatullah,02/26/14,ODI,3474,India,6
lost,6 wickets,,,lost,1st,India,Fatullah,02/26/14,ODI,3474,Bangladesh,25
won,72 runs,,,lost,1st,Afghanistan,Fatullah,02/27/14,ODI,3475,Pakistan,7
lost,72 runs,,,won,2nd,Pakistan,Fatullah,02/27/14,ODI,3475,Afghanistan,40
won,2 wickets,,,won,2nd,India,Fatullah,02/28/14,ODI,3476,Sri Lanka,8
lost,2 wickets,,,lost,1st,Sri Lanka,Fatullah,02/28/14,ODI,3476,India,6
won,15 runs,,,lost,1st,England,North Sound,02/28/14,ODI,3477,West Indies,4
lost,15 runs,,,won,2nd,West Indies,North Sound,02/28/14,ODI,3477,England,1
lost,32 runs,,,won,2nd,Afghanistan,Fatullah,03/01/14,ODI,3478,Bangladesh,25
won,32 runs,,,lost,1st,Bangladesh,Fatullah,03/01/14,ODI,3478,Afghanistan,40
won,1 wickets,,,won,2nd,India,Dhaka,03/02/14,ODI,3479,Pakistan,7
lost,1 wickets,,,lost,1st,Pakistan,Dhaka,03/02/14,ODI,3479,India,6
lost,3 wickets,,,lost,1st,England,North Sound,03/02/14,ODI,3480,West Indies,4
won,3 wickets,,,won,2nd,West Indies,North Sound,03/02/14,ODI,3480,England,1
won,129 runs,,,won,1st,Afghanistan,Dhaka,03/03/14,ODI,3481,Sri Lanka,8
lost,129 runs,,,lost,2nd,Sri Lanka,Dhaka,03/03/14,ODI,3481,Afghanistan,40
won,3 wickets,,,lost,2nd,Bangladesh,Dhaka,03/04/14,ODI,3482,Pakistan,7
lost,3 wickets,,,won,1st,Pakistan,Dhaka,03/04/14,ODI,3482,Bangladesh,25
won,8 wickets,,,won,2nd,Afghanistan,Dhaka,03/05/14,ODI,3483,India,6
lost,8 wickets,,,lost,1st,India,Dhaka,03/05/14,ODI,3483,Afghanistan,40
lost,25 runs,,,won,2nd,England,North Sound,03/05/14,ODI,3484,West Indies,4
won,25 runs,,,lost,1st,West Indies,North Sound,03/05/14,ODI,3484,England,1
won,3 wickets,,,lost,2nd,Bangladesh,Dhaka,03/06/14,ODI,3485,Sri Lanka,8
lost,3 wickets,,,won,1st,Sri Lanka,Dhaka,03/06/14,ODI,3485,Bangladesh,25
won,5 wickets,,,lost,2nd,Pakistan,Dhaka,03/08/14,ODI,3486,Sri Lanka,8
lost,5 wickets,,,won,1st,Sri Lanka,Dhaka,03/08/14,ODI,3486,Pakistan,7
won,6 wickets,,,won,2nd,Hong Kong,Kuala Lumpur,05/01/14,ODI,3487,Afghanistan,40
won,70 runs,,,lost,1st,U.A.E.,Kuala Lumpur,05/02/14,ODI,3488,Afghanistan,40
won,79 runs,,,lost,1st,Ireland,Dublin,05/06/14,ODI,3490,Sri Lanka,8
aban,-,,,-,-,Ireland,Dublin,05/08/14,ODI,3490,Sri Lanka,8
won,39 runs,,,lost,1st,Scotland,Aberdeen,05/09/14,ODI,3491,England,1
lost,81 runs,,,won,2nd,England,The Oval,05/22/14,ODI,3492,Sri Lanka,8
won,81 runs,,,lost,1st,Sri Lanka,The Oval,05/22/14,ODI,3492,England,1
won,157 runs,,,lost,1st,England,Chester-le-Street,05/25/14,ODI,3493,Sri Lanka,8
lost,157 runs,,,won,2nd,Sri Lanka,Chester-le-Street,05/25/14,ODI,3493,England,1
lost,10 wickets,,,lost,1st,England,Manchester,05/28/14,ODI,3494,Sri Lanka,8
won,10 wickets,,,won,2nd,Sri Lanka,Manchester,05/28/14,ODI,3494,England,1
won,7 runs,,,lost,1st,England,Lord's,05/31/14,ODI,3495,Sri Lanka,8
lost,7 runs,,,won,2nd,Sri Lanka,Lord's,05/31/14,ODI,3495,England,1
won,6 wickets,,,lost,2nd,England,Birmingham,06/03/14,ODI,3496,Sri Lanka,8
lost,6 wickets,,,won,1st,Sri Lanka,Birmingham,06/03/14,ODI,3496,England,1
won,7 wickets,,,lost,2nd,Bangladesh,Dhaka,06/15/14,ODI,3497,India,6
lost,7 wickets,,,won,1st,India,Dhaka,06/15/14,ODI,3497,Bangladesh,25
won,47 runs,,,lost,1st,Bangladesh,Dhaka,06/17/14,ODI,3498,India,6
lost,47 runs,,,won,2nd,India,Dhaka,06/17/14,ODI,3498,Bangladesh,25
n/r,-,,,won,1st,Bangladesh,Dhaka,06/19/14,ODI,3499,India,6
n/r,-,,,lost,2nd,India,Dhaka,06/19/14,ODI,3499,Bangladesh,25
lost,75 runs,,,lost,2nd,South Africa,Colombo (RPS),07/06/14,ODI,3500,Sri Lanka,8
won,75 runs,,,won,1st,Sri Lanka,Colombo (RPS),07/06/14,ODI,3500,South Africa,3
won,87 runs,,,won,1st,South Africa,Pallekele,07/09/14,ODI,3501,Sri Lanka,8
lost,87 runs,,,lost,2nd,Sri Lanka,Pallekele,07/09/14,ODI,3501,South Africa,3
lost,82 runs,,,lost,2nd,South Africa,Hambantota,07/12/14,ODI,3502,Sri Lanka,8
won,82 runs,,,won,1st,Sri Lanka,Hambantota,07/12/14,ODI,3502,South Africa,3
lost,6 wickets,,,lost,1st,Zimbabwe,Bulawayo,07/18/14,ODI,3503,Afghanistan,40
lost,8 wickets,,,lost,1st,Zimbabwe,Bulawayo,07/20/14,ODI,3504,Afghanistan,40
won,2 wickets,,,won,2nd,Zimbabwe,Bulawayo,07/22/14,ODI,3505,Afghanistan,40
won,100 runs,,,lost,1st,Zimbabwe,Bulawayo,07/24/14,ODI,3506,Afghanistan,40
won,93 runs,,,lost,1st,Zimbabwe,Bulawayo,08/17/14,ODI,3507,South Africa,3
won,61 runs,,,lost,1st,Zimbabwe,Bulawayo,08/19/14,ODI,3508,South Africa,3
won,3 wickets,,,won,2nd,Bangladesh,St George's,08/20/14,ODI,3509,West Indies,4
lost,3 wickets,,,lost,1st,West Indies,St George's,08/20/14,ODI,3509,Bangladesh,25
won,7 wickets,,,won,2nd,Zimbabwe,Bulawayo,08/21/14,ODI,3510,South Africa,3
won,177 runs,,,lost,1st,Bangladesh,St George's,08/22/14,ODI,3511,West Indies,4
lost,177 runs,,,won,2nd,West Indies,St George's,08/22/14,ODI,3511,Bangladesh,25
lost,4 wickets,,,lost,1st,Pakistan,Hambantota,08/23/14,ODI,3512,Sri Lanka,8
won,4 wickets,,,won,2nd,Sri Lanka,Hambantota,08/23/14,ODI,3512,Pakistan,7
won,198 runs,,,lost,1st,Zimbabwe,Harare,08/25/14,ODI,3513,Australia,2
aban,-,,,-,-,England,Bristol,08/25/14,ODI,3513,India,6
aban,-,,,-,-,India,Bristol,08/25/14,ODI,3513,England,1
won,91 runs,,,won,1st,Bangladesh,Basseterre,08/25/14,ODI,3514,West Indies,4
lost,91 runs,,,lost,2nd,West Indies,Basseterre,08/25/14,ODI,3514,Bangladesh,25
won,77 runs,,,won,1st,Pakistan,Hambantota,08/26/14,ODI,3515,Sri Lanka,8
lost,77 runs,,,lost,2nd,Sri Lanka,Hambantota,08/26/14,ODI,3515,Pakistan,7
won,7 wickets,,,won,2nd,Australia,Harare,08/27/14,ODI,3516,South Africa,3
lost,7 wickets,,,lost,1st,South Africa,Harare,08/27/14,ODI,3516,Australia,2
won,133 runs,,,lost,1st,England,Cardiff,08/27/14,ODI,3517,India,6
lost,133 runs,,,won,2nd,India,Cardiff,08/27/14,ODI,3517,England,1
won,61 runs,,,lost,1st,Zimbabwe,Harare,08/29/14,ODI,3518,South Africa,3
won,7 wickets,,,lost,2nd,Pakistan,Dambulla,08/30/14,ODI,3519,Sri Lanka,8
lost,7 wickets,,,won,1st,Sri Lanka,Dambulla,08/30/14,ODI,3519,Pakistan,7
won,6 wickets,,,won,2nd,England,Nottingham,08/30/14,ODI,3520,India,6
lost,6 wickets,,,lost,1st,India,Nottingham,08/30/14,ODI,3520,England,1
lost,3 wickets,,,won,1st,Zimbabwe,Harare,08/31/14,ODI,3521,Australia,2
lost,62 runs,,,won,2nd,Australia,Harare,09/02/14,ODI,3522,South Africa,3
won,62 runs,,,lost,1st,South Africa,Harare,09/02/14,ODI,3522,Australia,2
won,9 wickets,,,won,2nd,England,Birmingham,09/02/14,ODI,3523,India,6
lost,9 wickets,,,lost,1st,India,Birmingham,09/02/14,ODI,3523,England,1
won,63 runs,,,lost,1st,Zimbabwe,Harare,09/04/14,ODI,3524,South Africa,3
lost,41 runs,,,won,2nd,England,Leeds,09/05/14,ODI,3525,India,6
won,41 runs,,,lost,1st,India,Leeds,09/05/14,ODI,3525,England,1
won,6 wickets,,,won,2nd,Australia,Harare,09/06/14,ODI,3526,South Africa,3
lost,6 wickets,,,lost,1st,South Africa,Harare,09/06/14,ODI,3526,Australia,2
lost,93 runs,,,lost,2nd,Australia,Sharjah,10/07/14,ODI,3530,Pakistan,7
won,93 runs,,,won,1st,Pakistan,Sharjah,10/07/14,ODI,3530,Australia,2
won,124 runs,,,lost,1st,India,Kochi,10/08/14,ODI,3531,West Indies,4
lost,124 runs,,,won,2nd,West Indies,Kochi,10/08/14,ODI,3531,India,6
lost,5 wickets,,,won,1st,Australia,Dubai (DSC),10/10/14,ODI,3532,Pakistan,7
won,5 wickets,,,lost,2nd,Pakistan,Dubai (DSC),10/10/14,ODI,3532,Australia,2
lost,48 runs,,,lost,2nd,India,Delhi,10/11/14,ODI,3533,West Indies,4
won,48 runs,,,won,1st,West Indies,Delhi,10/11/14,ODI,3533,India,6
lost,1 runs,,,lost,2nd,Australia,Abu Dhabi,10/12/14,ODI,3534,Pakistan,7
won,1 runs,,,won,1st,Pakistan,Abu Dhabi,10/12/14,ODI,3534,Australia,2
canc,-,,,-,-,India,Visakhapatnam,10/14/14,ODI,3534,West Indies,4
canc,-,,,-,-,West Indies,Visakhapatnam,10/14/14,ODI,3534,India,6
lost,59 runs,,,won,2nd,India,Dharamsala,10/17/14,ODI,3535,West Indies,4
won,59 runs,,,lost,1st,West Indies,Dharamsala,10/17/14,ODI,3535,India,6
canc,-,,,-,-,India,Kolkata,10/20/14,ODI,3535,West Indies,4
canc,-,,,-,-,West Indies,Kolkata,10/20/14,ODI,3535,India,6
won,6 wickets,,,won,2nd,New Zealand,Mount Maunganui,10/21/14,ODI,3536,South Africa,3
lost,6 wickets,,,lost,1st,South Africa,Mount Maunganui,10/21/14,ODI,3536,New Zealand,5
won,72 runs,,,lost,1st,New Zealand,Mount Maunganui,10/24/14,ODI,3537,South Africa,3
lost,72 runs,,,won,2nd,South Africa,Mount Maunganui,10/24/14,ODI,3537,New Zealand,5
n/r,-,,,lost,1st,New Zealand,Hamilton,10/27/14,ODI,3538,South Africa,3
n/r,-,,,won,2nd,South Africa,Hamilton,10/27/14,ODI,3538,New Zealand,5
lost,169 runs,,,won,2nd,India,Cuttack,11/02/14,ODI,3539,Sri Lanka,8
won,169 runs,,,lost,1st,Sri Lanka,Cuttack,11/02/14,ODI,3539,India,6
lost,6 wickets,,,won,1st,India,Ahmedabad,11/06/14,ODI,3540,Sri Lanka,8
won,6 wickets,,,lost,2nd,Sri Lanka,Ahmedabad,11/06/14,ODI,3540,India,6
lost,6 wickets,,,won,1st,India,Hyderabad (Deccan),11/09/14,ODI,3543,Sri Lanka,8
won,6 wickets,,,lost,2nd,Sri Lanka,Hyderabad (Deccan),11/09/14,ODI,3543,India,6
lost,153 runs,,,lost,2nd,India,Kolkata,11/13/14,ODI,3544,Sri Lanka,8
won,153 runs,,,won,1st,Sri Lanka,Kolkata,11/13/14,ODI,3544,India,6
lost,32 runs,,,won,2nd,Australia,Perth,11/14/14,ODI,3545,South Africa,3
won,32 runs,,,lost,1st,South Africa,Perth,11/14/14,ODI,3545,Australia,2
won,3 wickets,,,lost,2nd,Australia,Perth,11/16/14,ODI,3546,South Africa,3
lost,3 wickets,,,won,1st,South Africa,Perth,11/16/14,ODI,3546,Australia,2
lost,3 wickets,,,won,1st,India,Ranchi,11/16/14,ODI,3547,Sri Lanka,8
won,3 wickets,,,lost,2nd,Sri Lanka,Ranchi,11/16/14,ODI,3547,India,6
lost,73 runs,,,lost,2nd,Australia,Canberra,11/19/14,ODI,3548,South Africa,3
won,73 runs,,,won,1st,South Africa,Canberra,11/19/14,ODI,3548,Australia,2
lost,3 wickets,,,won,1st,Australia,Melbourne,11/21/14,ODI,3549,South Africa,3
won,3 wickets,,,lost,2nd,South Africa,Melbourne,11/21/14,ODI,3549,Australia,2
won,87 runs,,,lost,1st,Zimbabwe,Chattogram,11/21/14,ODI,3550,Bangladesh,25
lost,2 wickets,,,won,1st,Australia,Sydney,11/23/14,ODI,3551,South Africa,3
won,2 wickets,,,lost,2nd,South Africa,Sydney,11/23/14,ODI,3551,Australia,2
won,68 runs,,,won,1st,Zimbabwe,Chattogram,11/23/14,ODI,3552,Bangladesh,25
won,124 runs,,,lost,1st,Zimbabwe,Dhaka,11/26/14,ODI,3553,Bangladesh,25
won,25 runs,,,lost,1st,England,Colombo (RPS),11/26/14,ODI,3554,Sri Lanka,8
lost,25 runs,,,won,2nd,Sri Lanka,Colombo (RPS),11/26/14,ODI,3554,England,1
won,21 runs,,,won,1st,Zimbabwe,Dhaka,11/28/14,ODI,3555,Bangladesh,25
lost,5 wickets,,,won,1st,U.A.E.,ICCA Dubai,11/28/14,ODI,3556,Afghanistan,40
won,8 wickets,,,lost,2nd,England,Colombo (RPS),11/29/14,ODI,3557,Sri Lanka,8
lost,8 wickets,,,won,1st,Sri Lanka,Colombo (RPS),11/29/14,ODI,3557,England,1
lost,6 wickets,,,lost,1st,U.A.E.,ICCA Dubai,11/30/14,ODI,3558,Afghanistan,40
won,5 wickets,,,lost,2nd,Zimbabwe,Dhaka,12/01/14,ODI,3559,Bangladesh,25
won,2 wickets,,,won,2nd,U.A.E.,ICCA Dubai,12/02/14,ODI,3560,Afghanistan,40
lost,5 wickets,,,won,1st,England,Hambantota,12/03/14,ODI,3561,Sri Lanka,8
won,5 wickets,,,lost,2nd,Sri Lanka,Hambantota,12/03/14,ODI,3561,England,1
lost,30 runs,,,won,2nd,U.A.E.,ICCA Dubai,12/04/14,ODI,3562,Afghanistan,40
won,6 wickets,,,lost,2nd,England,Colombo (RPS),12/07/14,ODI,3563,Sri Lanka,8
lost,6 wickets,,,won,1st,Sri Lanka,Colombo (RPS),12/07/14,ODI,3563,England,1
won,3 wickets,,,won,2nd,New Zealand,Dubai (DSC),12/08/14,ODI,3564,Pakistan,7
lost,3 wickets,,,lost,1st,Pakistan,Dubai (DSC),12/08/14,ODI,3564,New Zealand,5
lost,5 wickets,,,lost,1st,England,Pallekele,12/10/14,ODI,3565,Sri Lanka,8
won,5 wickets,,,won,2nd,Sri Lanka,Pallekele,12/10/14,ODI,3565,England,1
lost,4 wickets,,,won,1st,New Zealand,Sharjah,12/12/14,ODI,3566,Pakistan,7
won,4 wickets,,,lost,2nd,Pakistan,Sharjah,12/12/14,ODI,3566,New Zealand,5
won,90 runs,,,won,1st,England,Pallekele,12/13/14,ODI,3567,Sri Lanka,8
lost,90 runs,,,lost,2nd,Sri Lanka,Pallekele,12/13/14,ODI,3567,England,1
won,147 runs,,,won,1st,New Zealand,Sharjah,12/14/14,ODI,3568,Pakistan,7
lost,147 runs,,,lost,2nd,Pakistan,Sharjah,12/14/14,ODI,3568,New Zealand,5
won,87 runs,,,won,1st,England,Colombo (RPS),12/16/14,ODI,3569,Sri Lanka,8
lost,87 runs,,,lost,2nd,Sri Lanka,Colombo (RPS),12/16/14,ODI,3569,England,1
lost,7 runs,,,lost,2nd,New Zealand,Abu Dhabi,12/17/14,ODI,3570,Pakistan,7
won,7 runs,,,won,1st,Pakistan,Abu Dhabi,12/17/14,ODI,3570,New Zealand,5
lost,68 runs,,,lost,2nd,New Zealand,Abu Dhabi,12/19/14,ODI,3571,Pakistan,7
won,68 runs,,,won,1st,Pakistan,Abu Dhabi,12/19/14,ODI,3571,New Zealand,5
won,8 wickets,,,won,2nd,Scotland,ICCA Dubai,01/08/15,ODI,3572,Afghanistan,40
lost,3 wickets,,,lost,1st,Ireland,Dubai (DSC),01/10/15,ODI,3573,Afghanistan,40
lost,3 wickets,,,won,1st,New Zealand,Christchurch,01/11/15,ODI,3574,Sri Lanka,8
won,3 wickets,,,lost,2nd,Sri Lanka,Christchurch,01/11/15,ODI,3574,New Zealand,5
lost,150 runs,,,lost,2nd,Scotland,Abu Dhabi,01/14/15,ODI,3576,Afghanistan,40
won,6 wickets,,,lost,2nd,New Zealand,Hamilton,01/15/15,ODI,3577,Sri Lanka,8
lost,6 wickets,,,won,1st,Sri Lanka,Hamilton,01/15/15,ODI,3577,New Zealand,5
lost,3 wickets,,,won,1st,Australia,Sydney,01/16/15,ODI,3578,England,1
won,3 wickets,,,lost,2nd,England,Sydney,01/16/15,ODI,3578,Australia,2
lost,61 runs,,,lost,2nd,South Africa,Durban,01/16/15,ODI,3579,West Indies,4
won,61 runs,,,won,1st,West Indies,Durban,01/16/15,ODI,3579,South Africa,3
n/r,-,,,won,2nd,New Zealand,Auckland,01/17/15,ODI,3580,Sri Lanka,8
n/r,-,,,lost,1st,Sri Lanka,Auckland,01/17/15,ODI,3580,New Zealand,5
won,71 runs,,,lost,1st,Ireland,Dubai (DSC),01/17/15,ODI,3581,Afghanistan,40
lost,4 wickets,,,won,1st,Australia,Melbourne,01/18/15,ODI,3582,India,6
won,4 wickets,,,lost,2nd,India,Melbourne,01/18/15,ODI,3582,Australia,2
lost,148 runs,,,won,2nd,South Africa,Johannesburg,01/18/15,ODI,3583,West Indies,4
won,148 runs,,,lost,1st,West Indies,Johannesburg,01/18/15,ODI,3583,South Africa,3
lost,4 wickets,,,won,1st,New Zealand,Nelson,01/20/15,ODI,3585,Sri Lanka,8
won,4 wickets,,,lost,2nd,Sri Lanka,Nelson,01/20/15,ODI,3585,New Zealand,5
lost,9 wickets,,,won,1st,England,Brisbane,01/20/15,ODI,3586,India,6
won,9 wickets,,,lost,2nd,India,Brisbane,01/20/15,ODI,3586,England,1
lost,9 wickets,,,won,1st,South Africa,East London,01/21/15,ODI,3587,West Indies,4
won,9 wickets,,,lost,2nd,West Indies,East London,01/21/15,ODI,3587,South Africa,3
lost,108 runs,,,won,2nd,New Zealand,Dunedin,01/23/15,ODI,3588,Sri Lanka,8
won,108 runs,,,lost,1st,Sri Lanka,Dunedin,01/23/15,ODI,3588,New Zealand,5
lost,3 wickets,,,lost,1st,Australia,Hobart,01/23/15,ODI,3589,England,1
won,3 wickets,,,won,2nd,England,Hobart,01/23/15,ODI,3589,Australia,2
lost,120 runs,,,lost,2nd,New Zealand,Dunedin,01/25/15,ODI,3590,Sri Lanka,8
won,120 runs,,,won,1st,Sri Lanka,Dunedin,01/25/15,ODI,3590,New Zealand,5
won,1 wickets,,,won,2nd,South Africa,Port Elizabeth,01/25/15,ODI,3591,West Indies,4
lost,1 wickets,,,lost,1st,West Indies,Port Elizabeth,01/25/15,ODI,3591,South Africa,3
n/r,-,,,lost,1st,Australia,Sydney,01/26/15,ODI,3592,India,6
n/r,-,,,won,2nd,India,Sydney,01/26/15,ODI,3592,Australia,2
lost,131 runs,,,won,2nd,South Africa,Centurion,01/28/15,ODI,3593,West Indies,4
won,131 runs,,,lost,1st,West Indies,Centurion,01/28/15,ODI,3593,South Africa,3
won,34 runs,,,won,1st,New Zealand,Wellington,01/29/15,ODI,3594,Sri Lanka,8
lost,34 runs,,,lost,2nd,Sri Lanka,Wellington,01/29/15,ODI,3594,New Zealand,5
lost,3 wickets,,,lost,1st,England,Perth,01/30/15,ODI,3595,India,6
won,3 wickets,,,won,2nd,India,Perth,01/30/15,ODI,3595,England,1
lost,7 wickets,,,lost,1st,New Zealand,Wellington,01/31/15,ODI,3596,Pakistan,7
won,7 wickets,,,won,2nd,Pakistan,Wellington,01/31/15,ODI,3596,New Zealand,5
lost,112 runs,,,won,2nd,Australia,Perth,02/01/15,ODI,3597,England,1
won,112 runs,,,lost,1st,England,Perth,02/01/15,ODI,3597,Australia,2
lost,119 runs,,,lost,2nd,New Zealand,Napier,02/03/15,ODI,3598,Pakistan,7
won,119 runs,,,won,1st,Pakistan,Napier,02/03/15,ODI,3598,New Zealand,5
lost,98 runs,,,won,2nd,New Zealand,Christchurch,02/14/15,ODI,3599,Sri Lanka,8
won,98 runs,,,lost,1st,Sri Lanka,Christchurch,02/14/15,ODI,3599,New Zealand,5
lost,111 runs,,,won,2nd,Australia,Melbourne,02/14/15,ODI,3600,England,1
won,111 runs,,,lost,1st,England,Melbourne,02/14/15,ODI,3600,Australia,2
won,62 runs,,,lost,1st,Zimbabwe,Hamilton,02/15/15,ODI,3601,South Africa,3
lost,76 runs,,,lost,2nd,India,Adelaide,02/15/15,ODI,3602,Pakistan,7
won,76 runs,,,won,1st,Pakistan,Adelaide,02/15/15,ODI,3602,India,6
lost,4 wickets,,,lost,1st,Ireland,Nelson,02/16/15,ODI,3603,West Indies,4
won,3 wickets,,,won,2nd,Scotland,Dunedin,02/17/15,ODI,3604,New Zealand,5
won,105 runs,,,won,1st,Afghanistan,Canberra,02/18/15,ODI,3605,Bangladesh,25
lost,105 runs,,,lost,2nd,Bangladesh,Canberra,02/18/15,ODI,3605,Afghanistan,40
won,8 wickets,,,lost,2nd,England,Wellington,02/20/15,ODI,3607,New Zealand,5
lost,8 wickets,,,won,1st,New Zealand,Wellington,02/20/15,ODI,3607,England,1
won,150 runs,,,lost,1st,Pakistan,Christchurch,02/21/15,ODI,3608,West Indies,4
lost,150 runs,,,won,2nd,West Indies,Christchurch,02/21/15,ODI,3608,Pakistan,7
aban,-,,,-,-,Australia,Brisbane,02/21/15,ODI,3608,Bangladesh,25
aban,-,,,-,-,Bangladesh,Brisbane,02/21/15,ODI,3608,Australia,2
won,4 wickets,,,won,2nd,Afghanistan,Dunedin,02/22/15,ODI,3609,Sri Lanka,8
lost,4 wickets,,,lost,1st,Sri Lanka,Dunedin,02/22/15,ODI,3609,Afghanistan,40
lost,130 runs,,,lost,2nd,India,Melbourne,02/22/15,ODI,3610,South Africa,3
won,130 runs,,,won,1st,South Africa,Melbourne,02/22/15,ODI,3610,India,6
won,119 runs,,,lost,1st,Scotland,Christchurch,02/23/15,ODI,3611,England,1
won,73 runs,,,won,1st,Zimbabwe,Canberra,02/24/15,ODI,3612,West Indies,4
won,1 wickets,,,won,2nd,Scotland,Dunedin,02/26/15,ODI,3614,Afghanistan,40
won,92 runs,,,won,1st,Bangladesh,Melbourne,02/26/15,ODI,3615,Sri Lanka,8
lost,92 runs,,,lost,2nd,Sri Lanka,Melbourne,02/26/15,ODI,3615,Bangladesh,25
lost,257 runs,,,lost,2nd,South Africa,Sydney,02/27/15,ODI,3616,West Indies,4
won,257 runs,,,won,1st,West Indies,Sydney,02/27/15,ODI,3616,South Africa,3
won,1 wickets,,,lost,2nd,Australia,Auckland,02/28/15,ODI,3617,New Zealand,5
lost,1 wickets,,,won,1st,New Zealand,Auckland,02/28/15,ODI,3617,Australia,2
won,9 wickets,,,lost,2nd,U.A.E.,Perth,02/28/15,ODI,3618,India,6
won,9 wickets,,,lost,2nd,England,Wellington,03/01/15,ODI,3619,Sri Lanka,8
lost,9 wickets,,,won,1st,Sri Lanka,Wellington,03/01/15,ODI,3619,England,1
won,20 runs,,,won,1st,Zimbabwe,Brisbane,03/01/15,ODI,3620,Pakistan,7
won,201 runs,,,won,1st,Ireland,Canberra,03/03/15,ODI,3621,South Africa,3
won,129 runs,,,lost,1st,U.A.E.,Napier,03/04/15,ODI,3622,Pakistan,7
won,275 runs,,,lost,1st,Afghanistan,Perth,03/04/15,ODI,3623,Australia,2
lost,275 runs,,,won,2nd,Australia,Perth,03/04/15,ODI,3623,Afghanistan,40
won,6 wickets,,,won,2nd,Scotland,Nelson,03/05/15,ODI,3624,Bangladesh,25
lost,4 wickets,,,won,1st,India,Perth,03/06/15,ODI,3625,West Indies,4
won,4 wickets,,,lost,2nd,West Indies,Perth,03/06/15,ODI,3625,India,6
lost,29 runs,,,won,2nd,Pakistan,Auckland,03/07/15,ODI,3626,South Africa,3
won,29 runs,,,lost,1st,South Africa,Auckland,03/07/15,ODI,3626,Pakistan,7
won,6 wickets,,,lost,2nd,Afghanistan,Napier,03/08/15,ODI,3628,New Zealand,5
lost,6 wickets,,,won,1st,New Zealand,Napier,03/08/15,ODI,3628,Afghanistan,40
lost,64 runs,,,lost,2nd,Australia,Sydney,03/08/15,ODI,3629,Sri Lanka,8
won,64 runs,,,won,1st,Sri Lanka,Sydney,03/08/15,ODI,3629,Australia,2
lost,15 runs,,,won,2nd,Bangladesh,Adelaide,03/09/15,ODI,3630,England,1
won,15 runs,,,lost,1st,England,Adelaide,03/09/15,ODI,3630,Bangladesh,25
won,8 wickets,,,lost,2nd,Ireland,Hamilton,03/10/15,ODI,3631,India,6
won,148 runs,,,won,1st,Scotland,Hobart,03/11/15,ODI,3632,Sri Lanka,8
won,146 runs,,,lost,1st,U.A.E.,Wellington,03/12/15,ODI,3633,South Africa,3
won,3 wickets,,,won,2nd,Bangladesh,Hamilton,03/13/15,ODI,3634,New Zealand,5
lost,3 wickets,,,lost,1st,New Zealand,Hamilton,03/13/15,ODI,3634,Bangladesh,25
won,9 wickets,,,won,2nd,Afghanistan,Sydney,03/13/15,ODI,3635,England,1
lost,9 wickets,,,lost,1st,England,Sydney,03/13/15,ODI,3635,Afghanistan,40
won,6 wickets,,,won,2nd,Zimbabwe,Auckland,03/14/15,ODI,3636,India,6
won,7 wickets,,,won,2nd,Scotland,Hobart,03/14/15,ODI,3637,Australia,2
won,6 wickets,,,won,2nd,U.A.E.,Napier,03/15/15,ODI,3638,West Indies,4
won,7 wickets,,,lost,2nd,Ireland,Adelaide,03/15/15,ODI,3639,Pakistan,7
lost,9 wickets,,,won,1st,South Africa,Sydney,03/18/15,ODI,3640,Sri Lanka,8
won,9 wickets,,,lost,2nd,Sri Lanka,Sydney,03/18/15,ODI,3640,South Africa,3
won,109 runs,,,won,1st,Bangladesh,Melbourne,03/19/15,ODI,3641,India,6
lost,109 runs,,,lost,2nd,India,Melbourne,03/19/15,ODI,3641,Bangladesh,25
lost,6 wickets,,,won,1st,Australia,Adelaide,03/20/15,ODI,3642,Pakistan,7
won,6 wickets,,,lost,2nd,Pakistan,Adelaide,03/20/15,ODI,3642,Australia,2
lost,143 runs,,,lost,2nd,New Zealand,Wellington,03/21/15,ODI,3643,West Indies,4
won,143 runs,,,won,1st,West Indies,Wellington,03/21/15,ODI,3643,New Zealand,5
lost,4 wickets,,,won,1st,New Zealand,Auckland,03/24/15,ODI,3644,South Africa,3
won,4 wickets,,,lost,2nd,South Africa,Auckland,03/24/15,ODI,3644,New Zealand,5
lost,95 runs,,,lost,2nd,Australia,Sydney,03/26/15,ODI,3645,India,6
won,95 runs,,,won,1st,India,Sydney,03/26/15,ODI,3645,Australia,2
lost,7 wickets,,,won,1st,Australia,Melbourne,03/29/15,ODI,3646,New Zealand,5
won,7 wickets,,,lost,2nd,New Zealand,Melbourne,03/29/15,ODI,3646,Australia,2
lost,79 runs,,,lost,2nd,Bangladesh,Dhaka,04/17/15,ODI,3647,Pakistan,7
won,79 runs,,,won,1st,Pakistan,Dhaka,04/17/15,ODI,3647,Bangladesh,25
lost,7 wickets,,,won,1st,Bangladesh,Dhaka,04/19/15,ODI,3648,Pakistan,7
won,7 wickets,,,lost,2nd,Pakistan,Dhaka,04/19/15,ODI,3648,Bangladesh,25
lost,8 wickets,,,won,1st,Bangladesh,Dhaka,04/22/15,ODI,3649,Pakistan,7
won,8 wickets,,,lost,2nd,Pakistan,Dhaka,04/22/15,ODI,3649,Bangladesh,25
n/r,-,,,won,2nd,Ireland,Dublin (Malahide),05/08/15,ODI,3650,England,1
won,41 runs,,,won,1st,Zimbabwe,Lahore,05/26/15,ODI,3651,Pakistan,7
won,6 wickets,,,won,2nd,Zimbabwe,Lahore,05/29/15,ODI,3652,Pakistan,7
n/r,-,,,won,1st,Zimbabwe,Lahore,05/31/15,ODI,3653,Pakistan,7
lost,210 runs,,,won,2nd,England,Birmingham,06/09/15,ODI,3654,New Zealand,5
won,210 runs,,,lost,1st,New Zealand,Birmingham,06/09/15,ODI,3654,England,1
won,13 runs,,,won,1st,England,The Oval,06/12/15,ODI,3655,New Zealand,5
lost,13 runs,,,lost,2nd,New Zealand,The Oval,06/12/15,ODI,3655,England,1
won,3 wickets,,,lost,2nd,England,Southampton,06/14/15,ODI,3656,New Zealand,5
lost,3 wickets,,,won,1st,New Zealand,Southampton,06/14/15,ODI,3656,England,1
lost,7 wickets,,,won,1st,England,Nottingham,06/17/15,ODI,3657,New Zealand,5
won,7 wickets,,,lost,2nd,New Zealand,Nottingham,06/17/15,ODI,3657,England,1
lost,79 runs,,,lost,2nd,Bangladesh,Dhaka,06/18/15,ODI,3658,India,6
won,79 runs,,,won,1st,India,Dhaka,06/18/15,ODI,3658,Bangladesh,25
lost,3 wickets,,,lost,1st,England,Chester-le-Street,06/20/15,ODI,3659,New Zealand,5
won,3 wickets,,,won,2nd,New Zealand,Chester-le-Street,06/20/15,ODI,3659,England,1
lost,6 wickets,,,won,1st,Bangladesh,Dhaka,06/21/15,ODI,3660,India,6
won,6 wickets,,,lost,2nd,India,Dhaka,06/21/15,ODI,3660,Bangladesh,25
won,77 runs,,,lost,1st,Bangladesh,Dhaka,06/24/15,ODI,3661,India,6
lost,77 runs,,,won,2nd,India,Dhaka,06/24/15,ODI,3661,Bangladesh,25
won,4 runs,,,lost,1st,Zimbabwe,Harare,07/10/15,ODI,3662,India,6
won,8 wickets,,,lost,2nd,Bangladesh,Dhaka,07/10/15,ODI,3663,South Africa,3
lost,8 wickets,,,won,1st,South Africa,Dhaka,07/10/15,ODI,3663,Bangladesh,25
lost,6 wickets,,,lost,1st,Pakistan,Dambulla,07/11/15,ODI,3664,Sri Lanka,8
won,6 wickets,,,won,2nd,Sri Lanka,Dambulla,07/11/15,ODI,3664,Pakistan,7
won,62 runs,,,lost,1st,Zimbabwe,Harare,07/12/15,ODI,3665,India,6
lost,7 wickets,,,won,1st,Bangladesh,Dhaka,07/12/15,ODI,3666,South Africa,3
won,7 wickets,,,lost,2nd,South Africa,Dhaka,07/12/15,ODI,3666,Bangladesh,25
won,83 runs,,,lost,1st,Zimbabwe,Harare,07/14/15,ODI,3667,India,6
lost,9 wickets,,,won,1st,Bangladesh,Chattogram,07/15/15,ODI,3668,South Africa,3
won,9 wickets,,,lost,2nd,South Africa,Chattogram,07/15/15,ODI,3668,Bangladesh,25
won,2 wickets,,,lost,2nd,Pakistan,Pallekele,07/15/15,ODI,3669,Sri Lanka,8
lost,2 wickets,,,won,1st,Sri Lanka,Pallekele,07/15/15,ODI,3669,Pakistan,7
lost,135 runs,,,lost,2nd,Pakistan,Colombo (RPS),07/19/15,ODI,3670,Sri Lanka,8
won,135 runs,,,won,1st,Sri Lanka,Colombo (RPS),07/19/15,ODI,3670,Pakistan,7
lost,7 wickets,,,won,1st,Pakistan,Colombo (RPS),07/22/15,ODI,3671,Sri Lanka,8
won,7 wickets,,,lost,2nd,Sri Lanka,Colombo (RPS),07/22/15,ODI,3671,Pakistan,7
won,165 runs,,,won,1st,Pakistan,Hambantota,07/26/15,ODI,3672,Sri Lanka,8
lost,165 runs,,,lost,2nd,Sri Lanka,Hambantota,07/26/15,ODI,3672,Pakistan,7
lost,7 wickets,,,lost,1st,Zimbabwe,Harare,08/02/15,ODI,3673,New Zealand,5
won,10 wickets,,,lost,2nd,Zimbabwe,Harare,08/04/15,ODI,3674,New Zealand,5
won,38 runs,,,lost,1st,Zimbabwe,Harare,08/07/15,ODI,3675,New Zealand,5
won,20 runs,,,lost,1st,New Zealand,Centurion,08/19/15,ODI,3676,South Africa,3
lost,20 runs,,,won,2nd,South Africa,Centurion,08/19/15,ODI,3676,New Zealand,5
lost,8 wickets,,,won,1st,New Zealand,Potchefstroom,08/23/15,ODI,3677,South Africa,3
won,8 wickets,,,lost,2nd,South Africa,Potchefstroom,08/23/15,ODI,3677,New Zealand,5
won,62 runs,,,won,1st,New Zealand,Durban,08/26/15,ODI,3678,South Africa,3
lost,62 runs,,,lost,2nd,South Africa,Durban,08/26/15,ODI,3678,New Zealand,5
won,23 runs,,,won,1st,Ireland,Belfast,08/27/15,ODI,3679,Australia,2
lost,59 runs,,,lost,2nd,Australia,Southampton,09/03/15,ODI,3680,England,1
won,59 runs,,,won,1st,England,Southampton,09/03/15,ODI,3680,Australia,2
lost,64 runs,,,won,2nd,Australia,Lord's,09/05/15,ODI,3681,England,1
won,64 runs,,,lost,1st,England,Lord's,09/05/15,ODI,3681,Australia,2
won,93 runs,,,won,1st,Australia,Manchester,09/08/15,ODI,3682,England,1
lost,93 runs,,,lost,2nd,England,Manchester,09/08/15,ODI,3682,Australia,2
won,3 wickets,,,lost,2nd,Australia,Leeds,09/11/15,ODI,3683,England,1
lost,3 wickets,,,won,1st,England,Leeds,09/11/15,ODI,3683,Australia,2
lost,8 wickets,,,won,1st,Australia,Manchester,09/13/15,ODI,3684,England,1
won,8 wickets,,,lost,2nd,England,Manchester,09/13/15,ODI,3684,Australia,2
won,131 runs,,,lost,1st,Zimbabwe,Harare,10/01/15,ODI,3685,Pakistan,7
lost,5 runs,,,won,2nd,Zimbabwe,Harare,10/03/15,ODI,3686,Pakistan,7
won,7 wickets,,,won,2nd,Zimbabwe,Harare,10/05/15,ODI,3687,Pakistan,7
won,5 runs,,,won,1st,India,Kanpur,10/11/15,ODI,3689,South Africa,3
lost,5 runs,,,lost,2nd,South Africa,Kanpur,10/11/15,ODI,3689,India,6
lost,22 runs,,,lost,2nd,India,Indore,10/14/15,ODI,3692,South Africa,3
won,22 runs,,,won,1st,South Africa,Indore,10/14/15,ODI,3692,India,6
lost,8 wickets,,,won,1st,Zimbabwe,Bulawayo,10/16/15,ODI,3693,Afghanistan,40
won,58 runs,,,won,1st,Zimbabwe,Bulawayo,10/18/15,ODI,3694,Afghanistan,40
won,18 runs,,,won,1st,India,Rajkot,10/18/15,ODI,3695,South Africa,3
lost,18 runs,,,lost,2nd,South Africa,Rajkot,10/18/15,ODI,3695,India,6
lost,6 wickets,,,won,1st,Zimbabwe,Bulawayo,10/20/15,ODI,3696,Afghanistan,40
won,3 wickets,,,lost,2nd,Zimbabwe,Bulawayo,10/22/15,ODI,3697,Afghanistan,40
lost,35 runs,,,lost,2nd,India,Chennai,10/22/15,ODI,3698,South Africa,3
won,35 runs,,,won,1st,South Africa,Chennai,10/22/15,ODI,3698,India,6
won,73 runs,,,lost,1st,Zimbabwe,Bulawayo,10/24/15,ODI,3699,Afghanistan,40
won,214 runs,,,won,1st,India,Mumbai,10/25/15,ODI,3700,South Africa,3
lost,214 runs,,,lost,2nd,South Africa,Mumbai,10/25/15,ODI,3700,India,6
lost,1 wickets,,,lost,1st,Sri Lanka,Colombo (RPS),11/01/15,ODI,3701,West Indies,4
won,1 wickets,,,won,2nd,West Indies,Colombo (RPS),11/01/15,ODI,3701,Sri Lanka,8
lost,8 wickets,,,won,1st,Sri Lanka,Colombo (RPS),11/04/15,ODI,3702,West Indies,4
won,8 wickets,,,lost,2nd,West Indies,Colombo (RPS),11/04/15,ODI,3702,Sri Lanka,8
won,145 runs,,,lost,1st,Zimbabwe,Dhaka,11/07/15,ODI,3703,Bangladesh,25
lost,19 runs,,,lost,1st,Sri Lanka,Pallekele,11/07/15,ODI,3704,West Indies,4
won,19 runs,,,won,2nd,West Indies,Pallekele,11/07/15,ODI,3704,Sri Lanka,8
won,58 runs,,,lost,1st,Zimbabwe,Dhaka,11/09/15,ODI,3705,Bangladesh,25
won,61 runs,,,won,1st,Zimbabwe,Dhaka,11/11/15,ODI,3706,Bangladesh,25
won,6 wickets,,,lost,2nd,England,Abu Dhabi,11/11/15,ODI,3707,Pakistan,7
lost,6 wickets,,,won,1st,Pakistan,Abu Dhabi,11/11/15,ODI,3707,England,1
lost,95 runs,,,lost,2nd,England,Abu Dhabi,11/13/15,ODI,3708,Pakistan,7
won,95 runs,,,won,1st,Pakistan,Abu Dhabi,11/13/15,ODI,3708,England,1
lost,6 wickets,,,won,1st,England,Sharjah,11/17/15,ODI,3710,Pakistan,7
won,6 wickets,,,lost,2nd,Pakistan,Sharjah,11/17/15,ODI,3710,England,1
lost,84 runs,,,lost,2nd,England,Dubai (DSC),11/20/15,ODI,3712,Pakistan,7
won,84 runs,,,won,1st,Pakistan,Dubai (DSC),11/20/15,ODI,3712,England,1
won,49 runs,,,won,1st,Zimbabwe,Sharjah,12/25/15,ODI,3713,Afghanistan,40
lost,7 wickets,,,won,1st,New Zealand,Christchurch,12/26/15,ODI,3714,Sri Lanka,8
won,7 wickets,,,lost,2nd,Sri Lanka,Christchurch,12/26/15,ODI,3714,New Zealand,5
lost,10 wickets,,,won,1st,New Zealand,Christchurch,12/28/15,ODI,3715,Sri Lanka,8
won,10 wickets,,,lost,2nd,Sri Lanka,Christchurch,12/28/15,ODI,3715,New Zealand,5
won,4 wickets,,,lost,2nd,Zimbabwe,Sharjah,12/29/15,ODI,3716,Afghanistan,40
won,8 wickets,,,lost,2nd,New Zealand,Nelson,12/31/15,ODI,3717,Sri Lanka,8
lost,8 wickets,,,won,1st,Sri Lanka,Nelson,12/31/15,ODI,3717,New Zealand,5
n/r,-,,,won,2nd,New Zealand,Nelson,01/02/16,ODI,3718,Sri Lanka,8
n/r,-,,,lost,1st,Sri Lanka,Nelson,01/02/16,ODI,3718,New Zealand,5
lost,117 runs,,,lost,2nd,Zimbabwe,Sharjah,01/02/16,ODI,3719,Afghanistan,40
lost,65 runs,,,lost,2nd,Zimbabwe,Sharjah,01/04/16,ODI,3720,Afghanistan,40
lost,36 runs,,,won,2nd,New Zealand,Mount Maunganui,01/05/16,ODI,3721,Sri Lanka,8
won,36 runs,,,lost,1st,Sri Lanka,Mount Maunganui,01/05/16,ODI,3721,New Zealand,5
won,2 wickets,,,lost,2nd,Zimbabwe,Sharjah,01/06/16,ODI,3722,Afghanistan,40
lost,5 wickets,,,won,1st,Australia,Perth,01/12/16,ODI,3723,India,6
won,5 wickets,,,lost,2nd,India,Perth,01/12/16,ODI,3723,Australia,2
lost,7 wickets,,,won,1st,Australia,Brisbane,01/15/16,ODI,3724,India,6
won,7 wickets,,,lost,2nd,India,Brisbane,01/15/16,ODI,3724,Australia,2
lost,3 wickets,,,lost,1st,Australia,Melbourne,01/17/16,ODI,3725,India,6
won,3 wickets,,,won,2nd,India,Melbourne,01/17/16,ODI,3725,Australia,2
lost,25 runs,,,lost,2nd,Australia,Canberra,01/20/16,ODI,3726,India,6
won,25 runs,,,won,1st,India,Canberra,01/20/16,ODI,3726,Australia,2
won,6 wickets,,,won,2nd,Australia,Sydney,01/23/16,ODI,3727,India,6
lost,6 wickets,,,lost,1st,India,Sydney,01/23/16,ODI,3727,Australia,2
lost,70 runs,,,won,2nd,New Zealand,Wellington,01/25/16,ODI,3728,Pakistan,7
won,70 runs,,,lost,1st,Pakistan,Wellington,01/25/16,ODI,3728,New Zealand,5
aban,-,,,-,-,New Zealand,Napier,01/28/16,ODI,3729,Pakistan,7
aban,-,,,-,-,Pakistan,Napier,01/28/16,ODI,3729,New Zealand,5
lost,3 wickets,,,won,1st,New Zealand,Auckland,01/31/16,ODI,3730,Pakistan,7
won,3 wickets,,,lost,2nd,Pakistan,Auckland,01/31/16,ODI,3730,New Zealand,5
won,159 runs,,,lost,1st,Australia,Auckland,02/03/16,ODI,3731,New Zealand,5
lost,159 runs,,,won,2nd,New Zealand,Auckland,02/03/16,ODI,3731,Australia,2
lost,39 runs,,,lost,2nd,England,Bloemfontein,02/03/16,ODI,3732,South Africa,3
won,39 runs,,,won,1st,South Africa,Bloemfontein,02/03/16,ODI,3732,England,1
lost,4 wickets,,,won,1st,Australia,Wellington,02/06/16,ODI,3733,New Zealand,5
won,4 wickets,,,lost,2nd,New Zealand,Wellington,02/06/16,ODI,3733,Australia,2
lost,5 wickets,,,won,1st,England,Port Elizabeth,02/06/16,ODI,3734,South Africa,3
won,5 wickets,,,lost,2nd,South Africa,Port Elizabeth,02/06/16,ODI,3734,England,1
won,55 runs,,,lost,1st,Australia,Hamilton,02/08/16,ODI,3735,New Zealand,5
lost,55 runs,,,won,2nd,New Zealand,Hamilton,02/08/16,ODI,3735,Australia,2
won,7 wickets,,,lost,2nd,England,Centurion,02/09/16,ODI,3736,South Africa,3
lost,7 wickets,,,won,1st,South Africa,Centurion,02/09/16,ODI,3736,England,1
won,1 wickets,,,won,2nd,England,Johannesburg,02/12/16,ODI,3737,South Africa,3
lost,1 wickets,,,lost,1st,South Africa,Johannesburg,02/12/16,ODI,3737,England,1
won,5 wickets,,,won,2nd,England,Cape Town,02/14/16,ODI,3738,South Africa,3
lost,5 wickets,,,lost,1st,South Africa,Cape Town,02/14/16,ODI,3738,England,1
won,4 wickets,,,lost,2nd,South Africa,Providence,06/03/16,ODI,3739,West Indies,4
lost,4 wickets,,,won,1st,West Indies,Providence,06/03/16,ODI,3739,South Africa,3
lost,6 wickets,,,lost,1st,Australia,Providence,06/05/16,ODI,3740,West Indies,4
won,6 wickets,,,won,2nd,West Indies,Providence,06/05/16,ODI,3740,Australia,2
won,47 runs,,,won,1st,Australia,Providence,06/07/16,ODI,3741,South Africa,3
lost,47 runs,,,lost,2nd,South Africa,Providence,06/07/16,ODI,3741,Australia,2
won,9 wickets,,,won,2nd,Zimbabwe,Harare,06/11/16,ODI,3742,India,6
lost,36 runs,,,lost,2nd,Australia,Basseterre,06/11/16,ODI,3743,South Africa,3
won,36 runs,,,won,1st,South Africa,Basseterre,06/11/16,ODI,3743,Australia,2
won,8 wickets,,,won,2nd,Zimbabwe,Harare,06/13/16,ODI,3744,India,6
won,4 wickets,,,won,2nd,Australia,Basseterre,06/13/16,ODI,3745,West Indies,4
lost,4 wickets,,,lost,1st,West Indies,Basseterre,06/13/16,ODI,3745,Australia,2
won,10 wickets,,,lost,2nd,Zimbabwe,Harare,06/15/16,ODI,3746,India,6
lost,139 runs,,,won,2nd,South Africa,Basseterre,06/15/16,ODI,3747,West Indies,4
won,139 runs,,,lost,1st,West Indies,Basseterre,06/15/16,ODI,3747,South Africa,3
won,76 runs,,,lost,1st,Ireland,Dublin (Malahide),06/16/16,ODI,3748,Sri Lanka,8
won,136 runs,,,lost,1st,Ireland,Dublin (Malahide),06/18/16,ODI,3749,Sri Lanka,8
n/r,-,,,lost,1st,Australia,Bridgetown,06/19/16,ODI,3750,South Africa,3
n/r,-,,,won,2nd,South Africa,Bridgetown,06/19/16,ODI,3750,Australia,2
tied,-,,,lost,1st,England,Nottingham,06/21/16,ODI,3751,Sri Lanka,8
tied,-,,,won,2nd,Sri Lanka,Nottingham,06/21/16,ODI,3751,England,1
lost,6 wickets,,,lost,1st,Australia,Bridgetown,06/21/16,ODI,3752,West Indies,4
won,6 wickets,,,won,2nd,West Indies,Bridgetown,06/21/16,ODI,3752,Australia,2
lost,10 wickets,,,won,1st,England,Birmingham,06/24/16,ODI,3753,Sri Lanka,8
won,10 wickets,,,lost,2nd,Sri Lanka,Birmingham,06/24/16,ODI,3753,England,1
won,100 runs,,,lost,1st,South Africa,Bridgetown,06/24/16,ODI,3754,West Indies,4
lost,100 runs,,,won,2nd,West Indies,Bridgetown,06/24/16,ODI,3754,South Africa,3
n/r,-,,,lost,1st,England,Bristol,06/26/16,ODI,3755,Sri Lanka,8
n/r,-,,,won,2nd,Sri Lanka,Bristol,06/26/16,ODI,3755,England,1
lost,58 runs,,,lost,2nd,Australia,Bridgetown,06/26/16,ODI,3756,West Indies,4
won,58 runs,,,won,1st,West Indies,Bridgetown,06/26/16,ODI,3756,Australia,2
lost,6 wickets,,,lost,1st,England,The Oval,06/29/16,ODI,3757,Sri Lanka,8
won,6 wickets,,,won,2nd,Sri Lanka,The Oval,06/29/16,ODI,3757,England,1
lost,122 runs,,,won,2nd,England,Cardiff,07/02/16,ODI,3758,Sri Lanka,8
won,122 runs,,,lost,1st,Sri Lanka,Cardiff,07/02/16,ODI,3758,England,1
n/r,-,,,lost,1st,Scotland,Edinburgh,07/04/16,ODI,3759,Afghanistan,40
won,78 runs,,,won,1st,Scotland,Edinburgh,07/06/16,ODI,3760,Afghanistan,40
aban,-,,,-,-,Ireland,Belfast,07/10/16,ODI,3760,Afghanistan,40
won,39 runs,,,lost,1st,Ireland,Belfast,07/12/16,ODI,3761,Afghanistan,40
lost,6 wickets,,,won,1st,Ireland,Belfast,07/14/16,ODI,3762,Afghanistan,40
won,79 runs,,,won,1st,Ireland,Belfast,07/17/16,ODI,3763,Afghanistan,40
lost,12 runs,,,won,2nd,Ireland,Belfast,07/19/16,ODI,3764,Afghanistan,40
won,255 runs,,,lost,1st,Ireland,Dublin (Malahide),08/18/16,ODI,3767,Pakistan,7
aban,-,,,-,-,Ireland,Dublin (Malahide),08/20/16,ODI,3767,Pakistan,7
lost,3 wickets,,,lost,1st,Australia,Colombo (RPS),08/21/16,ODI,3768,Sri Lanka,8
won,3 wickets,,,won,2nd,Sri Lanka,Colombo (RPS),08/21/16,ODI,3768,Australia,2
won,82 runs,,,won,1st,Australia,Colombo (RPS),08/24/16,ODI,3769,Sri Lanka,8
lost,82 runs,,,lost,2nd,Sri Lanka,Colombo (RPS),08/24/16,ODI,3769,Australia,2
lost,44 runs,,,won,1st,England,Southampton,08/24/16,ODI,3770,Pakistan,7
won,44 runs,,,lost,2nd,Pakistan,Southampton,08/24/16,ODI,3770,England,1
lost,4 wickets,,,won,1st,England,Lord's,08/27/16,ODI,3771,Pakistan,7
won,4 wickets,,,lost,2nd,Pakistan,Lord's,08/27/16,ODI,3771,England,1
lost,2 wickets,,,won,1st,Australia,Dambulla,08/28/16,ODI,3772,Sri Lanka,8
won,2 wickets,,,lost,2nd,Sri Lanka,Dambulla,08/28/16,ODI,3772,Australia,2
lost,169 runs,,,lost,2nd,England,Nottingham,08/30/16,ODI,3773,Pakistan,7
won,169 runs,,,won,1st,Pakistan,Nottingham,08/30/16,ODI,3773,England,1
lost,6 wickets,,,won,1st,Australia,Dambulla,08/31/16,ODI,3774,Sri Lanka,8
won,6 wickets,,,lost,2nd,Sri Lanka,Dambulla,08/31/16,ODI,3774,Australia,2
lost,4 wickets,,,won,1st,England,Leeds,09/01/16,ODI,3775,Pakistan,7
won,4 wickets,,,lost,2nd,Pakistan,Leeds,09/01/16,ODI,3775,England,1
lost,5 wickets,,,won,1st,Australia,Pallekele,09/04/16,ODI,3776,Sri Lanka,8
won,5 wickets,,,lost,2nd,Sri Lanka,Pallekele,09/04/16,ODI,3776,Australia,2
won,4 wickets,,,won,2nd,England,Cardiff,09/04/16,ODI,3777,Pakistan,7
lost,4 wickets,,,lost,1st,Pakistan,Cardiff,09/04/16,ODI,3777,England,1
won,206 runs,,,lost,1st,Ireland,Benoni,09/25/16,ODI,3780,South Africa,3
won,7 runs,,,won,1st,Afghanistan,Dhaka,09/25/16,ODI,3781,Bangladesh,25
lost,7 runs,,,lost,2nd,Bangladesh,Dhaka,09/25/16,ODI,3781,Afghanistan,40
won,9 wickets,,,lost,2nd,Ireland,Benoni,09/27/16,ODI,3782,Australia,2
lost,2 wickets,,,lost,1st,Afghanistan,Dhaka,09/28/16,ODI,3783,Bangladesh,25
won,2 wickets,,,won,2nd,Bangladesh,Dhaka,09/28/16,ODI,3783,Afghanistan,40
lost,111 runs,,,won,2nd,Pakistan,Sharjah,09/30/16,ODI,3784,West Indies,4
won,111 runs,,,lost,1st,West Indies,Sharjah,09/30/16,ODI,3784,Pakistan,7
won,6 wickets,,,won,2nd,Australia,Centurion,09/30/16,ODI,3785,South Africa,3
lost,6 wickets,,,lost,1st,South Africa,Centurion,09/30/16,ODI,3785,Australia,2
won,141 runs,,,won,1st,Afghanistan,Dhaka,10/01/16,ODI,3786,Bangladesh,25
lost,141 runs,,,lost,2nd,Bangladesh,Dhaka,10/01/16,ODI,3786,Afghanistan,40
won,142 runs,,,lost,1st,Australia,Johannesburg,10/02/16,ODI,3787,South Africa,3
lost,142 runs,,,won,2nd,South Africa,Johannesburg,10/02/16,ODI,3787,Australia,2
lost,59 runs,,,lost,2nd,Pakistan,Sharjah,10/02/16,ODI,3788,West Indies,4
won,59 runs,,,won,1st,West Indies,Sharjah,10/02/16,ODI,3788,Pakistan,7
lost,136 runs,,,lost,2nd,Pakistan,Abu Dhabi,10/05/16,ODI,3789,West Indies,4
won,136 runs,,,won,1st,West Indies,Abu Dhabi,10/05/16,ODI,3789,Pakistan,7
won,4 wickets,,,lost,2nd,Australia,Durban,10/05/16,ODI,3790,South Africa,3
lost,4 wickets,,,won,1st,South Africa,Durban,10/05/16,ODI,3790,Australia,2
won,21 runs,,,won,1st,Bangladesh,Dhaka,10/07/16,ODI,3791,England,1
lost,21 runs,,,lost,2nd,England,Dhaka,10/07/16,ODI,3791,Bangladesh,25
won,6 wickets,,,lost,2nd,Australia,Port Elizabeth,10/09/16,ODI,3792,South Africa,3
lost,6 wickets,,,won,1st,South Africa,Port Elizabeth,10/09/16,ODI,3792,Australia,2
lost,34 runs,,,won,2nd,Bangladesh,Dhaka,10/09/16,ODI,3793,England,1
won,34 runs,,,lost,1st,England,Dhaka,10/09/16,ODI,3793,Bangladesh,25
won,4 wickets,,,won,2nd,Bangladesh,Chattogram,10/12/16,ODI,3794,England,1
lost,4 wickets,,,lost,1st,England,Chattogram,10/12/16,ODI,3794,Bangladesh,25
won,31 runs,,,won,1st,Australia,Cape Town,10/12/16,ODI,3795,South Africa,3
lost,31 runs,,,lost,2nd,South Africa,Cape Town,10/12/16,ODI,3795,Australia,2
lost,6 wickets,,,lost,1st,India,Dharamsala,10/16/16,ODI,3796,New Zealand,5
won,6 wickets,,,won,2nd,New Zealand,Dharamsala,10/16/16,ODI,3796,India,6
won,6 runs,,,lost,1st,India,Delhi,10/20/16,ODI,3797,New Zealand,5
lost,6 runs,,,won,2nd,New Zealand,Delhi,10/20/16,ODI,3797,India,6
lost,7 wickets,,,lost,1st,India,Mohali,10/23/16,ODI,3798,New Zealand,5
won,7 wickets,,,won,2nd,New Zealand,Mohali,10/23/16,ODI,3798,India,6
won,19 runs,,,won,1st,India,Ranchi,10/26/16,ODI,3799,New Zealand,5
lost,19 runs,,,lost,2nd,New Zealand,Ranchi,10/26/16,ODI,3799,India,6
lost,190 runs,,,lost,2nd,India,Visakhapatnam,10/29/16,ODI,3800,New Zealand,5
won,190 runs,,,won,1st,New Zealand,Visakhapatnam,10/29/16,ODI,3800,India,6
won,8 wickets,,,won,2nd,Zimbabwe,Harare,11/14/16,ODI,3804,Sri Lanka,8
won,62 runs,,,lost,1st,Sri Lanka,Harare,11/16/16,ODI,3805,West Indies,4
lost,62 runs,,,won,2nd,West Indies,Harare,11/16/16,ODI,3805,Sri Lanka,8
tied,-,,,lost,2nd,Zimbabwe,Bulawayo,11/19/16,ODI,3806,West Indies,4
n/r,-,,,lost,2nd,Zimbabwe,Bulawayo,11/21/16,ODI,3807,Sri Lanka,8
lost,1 runs,,,won,2nd,Sri Lanka,Bulawayo,11/23/16,ODI,3808,West Indies,4
won,1 runs,,,lost,1st,West Indies,Bulawayo,11/23/16,ODI,3808,Sri Lanka,8
lost,5 runs,,,lost,2nd,Zimbabwe,Bulawayo,11/25/16,ODI,3809,West Indies,4
won,6 wickets,,,lost,2nd,Zimbabwe,Bulawayo,11/27/16,ODI,3810,Sri Lanka,8
lost,68 runs,,,lost,2nd,Australia,Sydney,12/04/16,ODI,3811,New Zealand,5
won,68 runs,,,won,1st,New Zealand,Sydney,12/04/16,ODI,3811,Australia,2
lost,116 runs,,,won,2nd,Australia,Canberra,12/06/16,ODI,3812,New Zealand,5
won,116 runs,,,lost,1st,New Zealand,Canberra,12/06/16,ODI,3812,Australia,2
lost,117 runs,,,lost,2nd,Australia,Melbourne,12/09/16,ODI,3813,New Zealand,5
won,117 runs,,,won,1st,New Zealand,Melbourne,12/09/16,ODI,3813,Australia,2
won,77 runs,,,won,1st,Bangladesh,Christchurch,12/26/16,ODI,3814,New Zealand,5
lost,77 runs,,,lost,2nd,New Zealand,Christchurch,12/26/16,ODI,3814,Bangladesh,25
won,67 runs,,,lost,1st,Bangladesh,Nelson,12/29/16,ODI,3815,New Zealand,5
lost,67 runs,,,won,2nd,New Zealand,Nelson,12/29/16,ODI,3815,Bangladesh,25
won,8 wickets,,,lost,2nd,Bangladesh,Nelson,12/31/16,ODI,3816,New Zealand,5
lost,8 wickets,,,won,1st,New Zealand,Nelson,12/31/16,ODI,3816,Bangladesh,25
lost,92 runs,,,lost,2nd,Australia,Brisbane,01/13/17,ODI,3817,Pakistan,7
won,92 runs,,,won,1st,Pakistan,Brisbane,01/13/17,ODI,3817,Australia,2
won,6 wickets,,,lost,2nd,Australia,Melbourne,01/15/17,ODI,3818,Pakistan,7
lost,6 wickets,,,won,1st,Pakistan,Melbourne,01/15/17,ODI,3818,Australia,2
won,3 wickets,,,won,2nd,England,Pune,01/15/17,ODI,3819,India,6
lost,3 wickets,,,lost,1st,India,Pune,01/15/17,ODI,3819,England,1
lost,7 wickets,,,lost,1st,Australia,Perth,01/19/17,ODI,3820,Pakistan,7
won,7 wickets,,,won,2nd,Pakistan,Perth,01/19/17,ODI,3820,Australia,2
won,15 runs,,,lost,1st,England,Cuttack,01/19/17,ODI,3821,India,6
lost,15 runs,,,won,2nd,India,Cuttack,01/19/17,ODI,3821,England,1
lost,86 runs,,,lost,2nd,Australia,Sydney,01/22/17,ODI,3822,Pakistan,7
won,86 runs,,,won,1st,Pakistan,Sydney,01/22/17,ODI,3822,Australia,2
lost,5 runs,,,won,2nd,England,Kolkata,01/22/17,ODI,3824,India,6
won,5 runs,,,lost,1st,India,Kolkata,01/22/17,ODI,3824,England,1
lost,57 runs,,,lost,2nd,Australia,Adelaide,01/26/17,ODI,3826,Pakistan,7
won,57 runs,,,won,1st,Pakistan,Adelaide,01/26/17,ODI,3826,Australia,2
lost,8 wickets,,,lost,1st,South Africa,Port Elizabeth,01/28/17,ODI,3828,Sri Lanka,8
won,8 wickets,,,won,2nd,Sri Lanka,Port Elizabeth,01/28/17,ODI,3828,South Africa,3
won,6 runs,,,lost,1st,Australia,Auckland,01/30/17,ODI,3829,New Zealand,5
lost,6 runs,,,won,2nd,New Zealand,Auckland,01/30/17,ODI,3829,Australia,2
lost,121 runs,,,won,2nd,South Africa,Durban,02/01/17,ODI,3830,Sri Lanka,8
won,121 runs,,,lost,1st,Sri Lanka,Durban,02/01/17,ODI,3830,South Africa,3
aban,-,,,-,-,Australia,Napier,02/02/17,ODI,3830,New Zealand,5
aban,-,,,-,-,New Zealand,Napier,02/02/17,ODI,3830,Australia,2
lost,7 wickets,,,lost,1st,South Africa,Johannesburg,02/04/17,ODI,3831,Sri Lanka,8
won,7 wickets,,,won,2nd,Sri Lanka,Johannesburg,02/04/17,ODI,3831,South Africa,3
won,24 runs,,,won,1st,Australia,Hamilton,02/05/17,ODI,3832,New Zealand,5
lost,24 runs,,,lost,2nd,New Zealand,Hamilton,02/05/17,ODI,3832,Australia,2
lost,40 runs,,,lost,2nd,South Africa,Cape Town,02/07/17,ODI,3833,Sri Lanka,8
won,40 runs,,,won,1st,Sri Lanka,Cape Town,02/07/17,ODI,3833,South Africa,3
lost,88 runs,,,won,2nd,South Africa,Centurion,02/10/17,ODI,3834,Sri Lanka,8
won,88 runs,,,lost,1st,Sri Lanka,Centurion,02/10/17,ODI,3834,South Africa,3
won,12 runs,,,won,1st,Zimbabwe,Harare,02/16/17,ODI,3835,Afghanistan,40
won,4 wickets,,,won,2nd,New Zealand,Hamilton,02/19/17,ODI,3836,South Africa,3
lost,4 wickets,,,lost,1st,South Africa,Hamilton,02/19/17,ODI,3836,New Zealand,5
won,54 runs,,,won,1st,Zimbabwe,Harare,02/19/17,ODI,3837,Afghanistan,40
lost,3 runs,,,lost,2nd,Zimbabwe,Harare,02/21/17,ODI,3838,Afghanistan,40
lost,6 runs,,,won,2nd,New Zealand,Christchurch,02/22/17,ODI,3839,South Africa,3
won,6 runs,,,lost,1st,South Africa,Christchurch,02/22/17,ODI,3839,New Zealand,5
lost,7 wickets,,,won,1st,Zimbabwe,Harare,02/24/17,ODI,3840,Afghanistan,40
won,159 runs,,,won,1st,New Zealand,Wellington,02/25/17,ODI,3841,South Africa,3
lost,159 runs,,,lost,2nd,South Africa,Wellington,02/25/17,ODI,3841,New Zealand,5
won,106 runs,,,won,1st,Zimbabwe,Harare,02/26/17,ODI,3842,Afghanistan,40
lost,7 wickets,,,won,1st,New Zealand,Hamilton,03/01/17,ODI,3843,South Africa,3
won,7 wickets,,,lost,2nd,South Africa,Hamilton,03/01/17,ODI,3843,New Zealand,5
lost,45 runs,,,won,2nd,England,North Sound,03/03/17,ODI,3845,West Indies,4
won,45 runs,,,lost,1st,West Indies,North Sound,03/03/17,ODI,3845,England,1
won,6 wickets,,,won,2nd,New Zealand,Auckland,03/04/17,ODI,3846,South Africa,3
lost,6 wickets,,,lost,1st,South Africa,Auckland,03/04/17,ODI,3846,New Zealand,5
lost,4 wickets,,,won,1st,England,North Sound,03/05/17,ODI,3848,West Indies,4
won,4 wickets,,,lost,2nd,West Indies,North Sound,03/05/17,ODI,3848,England,1
lost,186 runs,,,won,2nd,England,Bridgetown,03/09/17,ODI,3849,West Indies,4
won,186 runs,,,lost,1st,West Indies,Bridgetown,03/09/17,ODI,3849,England,1
won,30 runs,,,won,1st,Ireland,Greater Noida,03/15/17,ODI,3850,Afghanistan,40
won,34 runs,,,won,1st,Ireland,Greater Noida,03/17/17,ODI,3851,Afghanistan,40
lost,6 wickets,,,won,1st,Ireland,Greater Noida,03/19/17,ODI,3852,Afghanistan,40
lost,3 wickets,,,won,1st,Ireland,Greater Noida,03/22/17,ODI,3853,Afghanistan,40
won,7 wickets,,,lost,2nd,Ireland,Greater Noida,03/24/17,ODI,3854,Afghanistan,40
lost,90 runs,,,won,2nd,Bangladesh,Dambulla,03/25/17,ODI,3855,Sri Lanka,8
won,90 runs,,,lost,1st,Sri Lanka,Dambulla,03/25/17,ODI,3855,Bangladesh,25
n/r,-,,,won,1st,Bangladesh,Dambulla,03/28/17,ODI,3856,Sri Lanka,8
n/r,-,,,lost,2nd,Sri Lanka,Dambulla,03/28/17,ODI,3856,Bangladesh,25
won,70 runs,,,lost,1st,Bangladesh,Colombo (SSC),04/01/17,ODI,3858,Sri Lanka,8
lost,70 runs,,,won,2nd,Sri Lanka,Colombo (SSC),04/01/17,ODI,3858,Bangladesh,25
won,4 wickets,,,won,2nd,Pakistan,Providence,04/07/17,ODI,3861,West Indies,4
lost,4 wickets,,,lost,1st,West Indies,Providence,04/07/17,ODI,3861,Pakistan,7
lost,74 runs,,,won,2nd,Pakistan,Providence,04/09/17,ODI,3862,West Indies,4
won,74 runs,,,lost,1st,West Indies,Providence,04/09/17,ODI,3862,Pakistan,7
lost,6 wickets,,,won,1st,Pakistan,Providence,04/11/17,ODI,3863,West Indies,4
won,6 wickets,,,lost,2nd,West Indies,Providence,04/11/17,ODI,3863,Pakistan,7
won,7 wickets,,,lost,2nd,Ireland,Bristol,05/05/17,ODI,3864,England,1
won,85 runs,,,lost,1st,Ireland,Lord's,05/07/17,ODI,3865,England,1
n/r,-,,,lost,1st,Ireland,Dublin (Malahide),05/12/17,ODI,3866,Bangladesh,25
won,51 runs,,,lost,1st,Ireland,Dublin (Malahide),05/14/17,ODI,3867,New Zealand,5
won,4 wickets,,,won,2nd,Bangladesh,Dublin,05/17/17,ODI,3868,New Zealand,5
lost,4 wickets,,,lost,1st,New Zealand,Dublin,05/17/17,ODI,3868,Bangladesh,25
won,8 wickets,,,won,2nd,Ireland,Dublin (Malahide),05/19/17,ODI,3869,Bangladesh,25
won,190 runs,,,lost,1st,Ireland,Dublin (Malahide),05/21/17,ODI,3870,New Zealand,5
lost,5 wickets,,,lost,1st,Bangladesh,Dublin,05/24/17,ODI,3871,New Zealand,5
won,5 wickets,,,won,2nd,New Zealand,Dublin,05/24/17,ODI,3871,Bangladesh,25
lost,72 runs,,,won,2nd,England,Leeds,05/24/17,ODI,3872,South Africa,3
won,72 runs,,,lost,1st,South Africa,Leeds,05/24/17,ODI,3872,England,1
lost,2 runs,,,won,2nd,England,Southampton,05/27/17,ODI,3873,South Africa,3
won,2 runs,,,lost,1st,South Africa,Southampton,05/27/17,ODI,3873,England,1
won,7 wickets,,,won,2nd,England,Lord's,05/29/17,ODI,3874,South Africa,3
lost,7 wickets,,,lost,1st,South Africa,Lord's,05/29/17,ODI,3874,England,1
won,8 wickets,,,won,2nd,Bangladesh,The Oval,06/01/17,ODI,3875,England,1
lost,8 wickets,,,lost,1st,England,The Oval,06/01/17,ODI,3875,Bangladesh,25
n/r,-,,,won,1st,Australia,Birmingham,06/02/17,ODI,3876,New Zealand,5
n/r,-,,,lost,2nd,New Zealand,Birmingham,06/02/17,ODI,3876,Australia,2
lost,96 runs,,,won,2nd,South Africa,The Oval,06/03/17,ODI,3877,Sri Lanka,8
won,96 runs,,,lost,1st,Sri Lanka,The Oval,06/03/17,ODI,3877,South Africa,3
lost,124 runs,,,won,2nd,India,Birmingham,06/04/17,ODI,3878,Pakistan,7
won,124 runs,,,lost,1st,Pakistan,Birmingham,06/04/17,ODI,3878,India,6
n/r,-,,,won,1st,Australia,The Oval,06/05/17,ODI,3879,Bangladesh,25
n/r,-,,,lost,2nd,Bangladesh,The Oval,06/05/17,ODI,3879,Australia,2
lost,87 runs,,,won,2nd,England,Cardiff,06/06/17,ODI,3880,New Zealand,5
won,87 runs,,,lost,1st,New Zealand,Cardiff,06/06/17,ODI,3880,England,1
lost,19 runs,,,won,1st,Pakistan,Birmingham,06/07/17,ODI,3881,South Africa,3
won,19 runs,,,lost,2nd,South Africa,Birmingham,06/07/17,ODI,3881,Pakistan,7
won,7 wickets,,,won,2nd,India,The Oval,06/08/17,ODI,3882,Sri Lanka,8
lost,7 wickets,,,lost,1st,Sri Lanka,The Oval,06/08/17,ODI,3882,India,6
lost,5 wickets,,,won,1st,Bangladesh,Cardiff,06/09/17,ODI,3883,New Zealand,5
won,5 wickets,,,lost,2nd,New Zealand,Cardiff,06/09/17,ODI,3883,Bangladesh,25
lost,63 runs,,,lost,2nd,Afghanistan,Gros Islet,06/09/17,ODI,3884,West Indies,4
won,63 runs,,,won,1st,West Indies,Gros Islet,06/09/17,ODI,3884,Afghanistan,40
won,40 runs,,,won,2nd,Australia,Birmingham,06/10/17,ODI,3885,England,1
lost,40 runs,,,lost,1st,England,Birmingham,06/10/17,ODI,3885,Australia,2
lost,8 wickets,,,lost,1st,India,The Oval,06/11/17,ODI,3886,South Africa,3
won,8 wickets,,,won,2nd,South Africa,The Oval,06/11/17,ODI,3886,India,6
won,4 wickets,,,lost,2nd,Afghanistan,Gros Islet,06/11/17,ODI,3887,West Indies,4
lost,4 wickets,,,won,1st,West Indies,Gros Islet,06/11/17,ODI,3887,Afghanistan,40
lost,3 wickets,,,lost,1st,Pakistan,Cardiff,06/12/17,ODI,3888,Sri Lanka,8
won,3 wickets,,,won,2nd,Sri Lanka,Cardiff,06/12/17,ODI,3888,Pakistan,7
won,8 wickets,,,won,2nd,England,Cardiff,06/14/17,ODI,3889,Pakistan,7
lost,8 wickets,,,lost,1st,Pakistan,Cardiff,06/14/17,ODI,3889,England,1
n/r,-,,,lost,-,Afghanistan,Gros Islet,06/14/17,ODI,3890,West Indies,4
n/r,-,,,won,-,West Indies,Gros Islet,06/14/17,ODI,3890,Afghanistan,40
won,9 wickets,,,won,2nd,Bangladesh,Birmingham,06/15/17,ODI,3891,India,6
lost,9 wickets,,,lost,1st,India,Birmingham,06/15/17,ODI,3891,Bangladesh,25
won,180 runs,,,lost,1st,India,The Oval,06/18/17,ODI,3894,Pakistan,7
lost,180 runs,,,won,2nd,Pakistan,The Oval,06/18/17,ODI,3894,India,6
n/r,-,,,won,2nd,India,Port of Spain,06/23/17,ODI,3895,West Indies,4
n/r,-,,,lost,1st,West Indies,Port of Spain,06/23/17,ODI,3895,India,6
lost,105 runs,,,won,2nd,India,Port of Spain,06/25/17,ODI,3896,West Indies,4
won,105 runs,,,lost,1st,West Indies,Port of Spain,06/25/17,ODI,3896,India,6
lost,6 wickets,,,won,1st,Zimbabwe,Galle,06/30/17,ODI,3897,Sri Lanka,8
lost,93 runs,,,won,2nd,India,North Sound,06/30/17,ODI,3898,West Indies,4
won,93 runs,,,lost,1st,West Indies,North Sound,06/30/17,ODI,3898,India,6
won,7 wickets,,,won,2nd,Zimbabwe,Galle,07/02/17,ODI,3899,Sri Lanka,8
won,11 runs,,,won,1st,India,North Sound,07/02/17,ODI,3900,West Indies,4
lost,11 runs,,,lost,2nd,West Indies,North Sound,07/02/17,ODI,3900,India,6
won,8 wickets,,,won,2nd,Zimbabwe,Hambantota,07/06/17,ODI,3901,Sri Lanka,8
lost,8 wickets,,,won,1st,India,Kingston,07/06/17,ODI,3902,West Indies,4
won,8 wickets,,,lost,2nd,West Indies,Kingston,07/06/17,ODI,3902,India,6
lost,4 wickets,,,won,1st,Zimbabwe,Hambantota,07/08/17,ODI,3903,Sri Lanka,8
lost,3 wickets,,,lost,1st,Zimbabwe,Hambantota,07/10/17,ODI,3904,Sri Lanka,8
lost,9 wickets,,,lost,1st,India,Dambulla,08/20/17,ODI,3905,Sri Lanka,8
won,9 wickets,,,won,2nd,Sri Lanka,Dambulla,08/20/17,ODI,3905,India,6
lost,3 wickets,,,lost,1st,India,Pallekele,08/24/17,ODI,3906,Sri Lanka,8
won,3 wickets,,,won,2nd,Sri Lanka,Pallekele,08/24/17,ODI,3906,India,6
lost,6 wickets,,,won,1st,India,Pallekele,08/27/17,ODI,3907,Sri Lanka,8
won,6 wickets,,,lost,2nd,Sri Lanka,Pallekele,08/27/17,ODI,3907,India,6
lost,168 runs,,,lost,2nd,India,Colombo (RPS),08/31/17,ODI,3908,Sri Lanka,8
won,168 runs,,,won,1st,Sri Lanka,Colombo (RPS),08/31/17,ODI,3908,India,6
lost,6 wickets,,,won,1st,India,Colombo (RPS),09/03/17,ODI,3909,Sri Lanka,8
won,6 wickets,,,lost,2nd,Sri Lanka,Colombo (RPS),09/03/17,ODI,3909,India,6
aban,-,,,-,-,Ireland,Belfast,09/13/17,ODI,3909,West Indies,4
won,26 runs,,,won,1st,Australia,Chennai,09/17/17,ODI,3910,India,6
lost,26 runs,,,lost,2nd,India,Chennai,09/17/17,ODI,3910,Australia,2
lost,7 wickets,,,won,1st,England,Manchester,09/19/17,ODI,3911,West Indies,4
won,7 wickets,,,lost,2nd,West Indies,Manchester,09/19/17,ODI,3911,England,1
won,50 runs,,,won,1st,Australia,Kolkata,09/21/17,ODI,3912,India,6
lost,50 runs,,,lost,2nd,India,Kolkata,09/21/17,ODI,3912,Australia,2
n/r,-,,,won,2nd,England,Nottingham,09/21/17,ODI,3913,West Indies,4
n/r,-,,,lost,1st,West Indies,Nottingham,09/21/17,ODI,3913,England,1
won,5 wickets,,,lost,2nd,Australia,Indore,09/24/17,ODI,3914,India,6
lost,5 wickets,,,won,1st,India,Indore,09/24/17,ODI,3914,Australia,2
lost,124 runs,,,won,2nd,England,Bristol,09/24/17,ODI,3915,West Indies,4
won,124 runs,,,lost,1st,West Indies,Bristol,09/24/17,ODI,3915,England,1
lost,6 runs,,,lost,1st,England,The Oval,09/27/17,ODI,3916,West Indies,4
won,6 runs,,,won,2nd,West Indies,The Oval,09/27/17,ODI,3916,England,1
lost,21 runs,,,lost,2nd,Australia,Bengaluru,09/28/17,ODI,3917,India,6
won,21 runs,,,won,1st,India,Bengaluru,09/28/17,ODI,3917,Australia,2
lost,9 wickets,,,lost,1st,England,Southampton,09/29/17,ODI,3918,West Indies,4
won,9 wickets,,,won,2nd,West Indies,Southampton,09/29/17,ODI,3918,England,1
won,7 wickets,,,lost,2nd,Australia,Nagpur,10/01/17,ODI,3919,India,6
lost,7 wickets,,,won,1st,India,Nagpur,10/01/17,ODI,3919,Australia,2
lost,83 runs,,,won,2nd,Pakistan,Dubai (DSC),10/13/17,ODI,3922,Sri Lanka,8
won,83 runs,,,lost,1st,Sri Lanka,Dubai (DSC),10/13/17,ODI,3922,Pakistan,7
won,10 wickets,,,lost,2nd,Bangladesh,Kimberley,10/15/17,ODI,3923,South Africa,3
lost,10 wickets,,,won,1st,South Africa,Kimberley,10/15/17,ODI,3923,Bangladesh,25
lost,32 runs,,,lost,2nd,Pakistan,Abu Dhabi,10/16/17,ODI,3924,Sri Lanka,8
won,32 runs,,,won,1st,Sri Lanka,Abu Dhabi,10/16/17,ODI,3924,Pakistan,7
won,104 runs,,,lost,1st,Bangladesh,Paarl,10/18/17,ODI,3925,South Africa,3
lost,104 runs,,,won,2nd,South Africa,Paarl,10/18/17,ODI,3925,Bangladesh,25
lost,7 wickets,,,won,1st,Pakistan,Abu Dhabi,10/18/17,ODI,3926,Sri Lanka,8
won,7 wickets,,,lost,2nd,Sri Lanka,Abu Dhabi,10/18/17,ODI,3926,Pakistan,7
lost,7 wickets,,,won,1st,Pakistan,Sharjah,10/20/17,ODI,3927,Sri Lanka,8
won,7 wickets,,,lost,2nd,Sri Lanka,Sharjah,10/20/17,ODI,3927,Pakistan,7
won,6 wickets,,,lost,2nd,India,Mumbai,10/22/17,ODI,3928,New Zealand,5
lost,6 wickets,,,won,1st,New Zealand,Mumbai,10/22/17,ODI,3928,India,6
won,200 runs,,,won,1st,Bangladesh,East London,10/22/17,ODI,3929,South Africa,3
lost,200 runs,,,lost,2nd,South Africa,East London,10/22/17,ODI,3929,Bangladesh,25
lost,9 wickets,,,won,1st,Pakistan,Sharjah,10/23/17,ODI,3930,Sri Lanka,8
won,9 wickets,,,lost,2nd,Sri Lanka,Sharjah,10/23/17,ODI,3930,Pakistan,7
lost,6 wickets,,,won,1st,India,Pune,10/25/17,ODI,3931,New Zealand,5
won,6 wickets,,,lost,2nd,New Zealand,Pune,10/25/17,ODI,3931,India,6
lost,6 runs,,,won,2nd,India,Kanpur,10/29/17,ODI,3932,New Zealand,5
won,6 runs,,,lost,1st,New Zealand,Kanpur,10/29/17,ODI,3932,India,6
won,138 runs,,,lost,1st,Ireland,Sharjah,12/05/17,ODI,3935,Afghanistan,40
lost,51 runs,,,lost,2nd,Ireland,Sharjah,12/07/17,ODI,3937,Afghanistan,40
won,7 wickets,,,won,2nd,India,Dharamsala,12/10/17,ODI,3939,Sri Lanka,8
lost,7 wickets,,,lost,1st,Sri Lanka,Dharamsala,12/10/17,ODI,3939,India,6
lost,5 wickets,,,won,1st,Ireland,Sharjah,12/10/17,ODI,3940,Afghanistan,40
lost,141 runs,,,won,2nd,India,Mohali,12/13/17,ODI,3941,Sri Lanka,8
won,141 runs,,,lost,1st,Sri Lanka,Mohali,12/13/17,ODI,3941,India,6
lost,8 wickets,,,lost,1st,India,Visakhapatnam,12/17/17,ODI,3942,Sri Lanka,8
won,8 wickets,,,won,2nd,Sri Lanka,Visakhapatnam,12/17/17,ODI,3942,India,6
lost,5 wickets,,,lost,1st,New Zealand,Whangarei,12/20/17,ODI,3943,West Indies,4
won,5 wickets,,,won,2nd,West Indies,Whangarei,12/20/17,ODI,3943,New Zealand,5
lost,204 runs,,,won,2nd,New Zealand,Christchurch,12/23/17,ODI,3944,West Indies,4
won,204 runs,,,lost,1st,West Indies,Christchurch,12/23/17,ODI,3944,New Zealand,5
lost,66 runs,,,lost,2nd,New Zealand,Christchurch,12/26/17,ODI,3945,West Indies,4
won,66 runs,,,won,1st,West Indies,Christchurch,12/26/17,ODI,3945,New Zealand,5
lost,61 runs,,,won,2nd,New Zealand,Wellington,01/06/18,ODI,3946,Pakistan,7
won,61 runs,,,lost,1st,Pakistan,Wellington,01/06/18,ODI,3946,New Zealand,5
lost,8 wickets,,,won,1st,New Zealand,Nelson,01/09/18,ODI,3947,Pakistan,7
won,8 wickets,,,lost,2nd,Pakistan,Nelson,01/09/18,ODI,3947,New Zealand,5
lost,183 runs,,,lost,2nd,New Zealand,Dunedin,01/13/18,ODI,3949,Pakistan,7
won,183 runs,,,won,1st,Pakistan,Dunedin,01/13/18,ODI,3949,New Zealand,5
won,5 wickets,,,won,2nd,Australia,Melbourne,01/14/18,ODI,3951,England,1
lost,5 wickets,,,lost,1st,England,Melbourne,01/14/18,ODI,3951,Australia,2
won,8 wickets,,,won,2nd,Zimbabwe,Dhaka,01/15/18,ODI,3952,Bangladesh,25
lost,5 wickets,,,won,1st,New Zealand,Hamilton,01/16/18,ODI,3953,Pakistan,7
won,5 wickets,,,lost,2nd,Pakistan,Hamilton,01/16/18,ODI,3953,New Zealand,5
lost,12 runs,,,won,2nd,Zimbabwe,Dhaka,01/17/18,ODI,3955,Sri Lanka,8
lost,15 runs,,,lost,2nd,New Zealand,Wellington,01/19/18,ODI,3957,Pakistan,7
won,15 runs,,,won,1st,Pakistan,Wellington,01/19/18,ODI,3957,New Zealand,5
won,4 wickets,,,lost,2nd,Australia,Brisbane,01/19/18,ODI,3958,England,1
lost,4 wickets,,,won,1st,England,Brisbane,01/19/18,ODI,3958,Australia,2
lost,163 runs,,,lost,2nd,Bangladesh,Dhaka,01/19/18,ODI,3959,Sri Lanka,8
won,163 runs,,,won,1st,Sri Lanka,Dhaka,01/19/18,ODI,3959,Bangladesh,25
won,16 runs,,,lost,1st,Australia,Sydney,01/21/18,ODI,3960,England,1
lost,16 runs,,,won,2nd,England,Sydney,01/21/18,ODI,3960,Australia,2
won,5 wickets,,,lost,2nd,Zimbabwe,Dhaka,01/21/18,ODI,3962,Sri Lanka,8
won,91 runs,,,won,1st,Zimbabwe,Dhaka,01/23/18,ODI,3964,Bangladesh,25
won,10 wickets,,,lost,2nd,Bangladesh,Dhaka,01/25/18,ODI,3965,Sri Lanka,8
lost,10 wickets,,,won,1st,Sri Lanka,Dhaka,01/25/18,ODI,3965,Bangladesh,25
lost,3 wickets,,,lost,1st,Australia,Adelaide,01/26/18,ODI,3966,England,1
won,3 wickets,,,won,2nd,England,Adelaide,01/26/18,ODI,3966,Australia,2
won,79 runs,,,won,1st,Bangladesh,Dhaka,01/27/18,ODI,3967,Sri Lanka,8
lost,79 runs,,,lost,2nd,Sri Lanka,Dhaka,01/27/18,ODI,3967,Bangladesh,25
won,12 runs,,,lost,1st,Australia,Perth,01/28/18,ODI,3968,England,1
lost,12 runs,,,won,2nd,England,Perth,01/28/18,ODI,3968,Australia,2
lost,6 wickets,,,won,1st,India,Durban,02/01/18,ODI,3969,South Africa,3
won,6 wickets,,,lost,2nd,South Africa,Durban,02/01/18,ODI,3969,India,6
lost,9 wickets,,,lost,1st,India,Centurion,02/04/18,ODI,3970,South Africa,3
won,9 wickets,,,won,2nd,South Africa,Centurion,02/04/18,ODI,3970,India,6
lost,124 runs,,,won,2nd,India,Cape Town,02/07/18,ODI,3971,South Africa,3
won,124 runs,,,lost,1st,South Africa,Cape Town,02/07/18,ODI,3971,India,6
won,154 runs,,,won,1st,Zimbabwe,Sharjah,02/09/18,ODI,3972,Afghanistan,40
won,5 wickets,,,lost,2nd,India,Johannesburg,02/10/18,ODI,3973,South Africa,3
lost,5 wickets,,,won,1st,South Africa,Johannesburg,02/10/18,ODI,3973,India,6
lost,154 runs,,,lost,2nd,Zimbabwe,Sharjah,02/11/18,ODI,3974,Afghanistan,40
won,6 wickets,,,lost,2nd,Zimbabwe,Sharjah,02/13/18,ODI,3975,Afghanistan,40
lost,73 runs,,,won,2nd,India,Port Elizabeth,02/13/18,ODI,3976,South Africa,3
won,73 runs,,,lost,1st,South Africa,Port Elizabeth,02/13/18,ODI,3976,India,6
won,10 wickets,,,lost,2nd,Zimbabwe,Sharjah,02/16/18,ODI,3977,Afghanistan,40
lost,8 wickets,,,lost,1st,India,Centurion,02/16/18,ODI,3978,South Africa,3
won,8 wickets,,,won,2nd,South Africa,Centurion,02/16/18,ODI,3978,India,6
won,146 runs,,,won,1st,Zimbabwe,Sharjah,02/19/18,ODI,3979,Afghanistan,40
won,3 wickets,,,won,2nd,England,Hamilton,02/25/18,ODI,3980,New Zealand,5
lost,3 wickets,,,lost,1st,New Zealand,Hamilton,02/25/18,ODI,3980,England,1
lost,6 wickets,,,lost,1st,England,Mount Maunganui,02/28/18,ODI,3981,New Zealand,5
won,6 wickets,,,won,2nd,New Zealand,Mount Maunganui,02/28/18,ODI,3981,England,1
lost,4 runs,,,won,2nd,England,Wellington,03/03/18,ODI,3982,New Zealand,5
won,4 runs,,,lost,1st,New Zealand,Wellington,03/03/18,ODI,3982,England,1
lost,7 wickets,,,lost,1st,Scotland,Bulawayo,03/04/18,ODI,3983,Afghanistan,40
won,60 runs,,,won,1st,U.A.E.,Harare,03/06/18,ODI,3987,West Indies,4
lost,2 runs,,,lost,2nd,Zimbabwe,Bulawayo,03/06/18,ODI,3988,Afghanistan,40
won,5 wickets,,,won,2nd,England,Dunedin,03/07/18,ODI,3989,New Zealand,5
lost,5 wickets,,,lost,1st,New Zealand,Dunedin,03/07/18,ODI,3989,England,1
lost,30 runs,,,won,2nd,Hong Kong,Bulawayo,03/08/18,ODI,3990,Afghanistan,40
won,6 wickets,,,lost,2nd,P.N.G.,Harare,03/08/18,ODI,3991,West Indies,4
lost,7 wickets,,,lost,1st,England,Christchurch,03/10/18,ODI,3992,New Zealand,5
won,7 wickets,,,won,2nd,New Zealand,Christchurch,03/10/18,ODI,3992,England,1
won,52 runs,,,lost,1st,Ireland,Harare,03/10/18,ODI,3993,West Indies,4
lost,3 wickets,,,won,1st,Afghanistan,Harare,03/15/18,ODI,3997,West Indies,4
won,3 wickets,,,lost,2nd,West Indies,Harare,03/15/18,ODI,3997,Afghanistan,40
won,4 wickets,,,lost,2nd,Zimbabwe,Harare,03/19/18,ODI,4002,West Indies,4
won,5 wickets,,,lost,2nd,U.A.E.,Harare,03/20/18,ODI,4003,Afghanistan,40
won,5 runs,,,lost,1st,Scotland,Harare,03/21/18,ODI,4004,West Indies,4
won,5 wickets,,,lost,2nd,Ireland,Harare,03/23/18,ODI,4006,Afghanistan,40
lost,7 wickets,,,won,1st,Afghanistan,Harare,03/25/18,ODI,4007,West Indies,4
won,7 wickets,,,lost,2nd,West Indies,Harare,03/25/18,ODI,4007,Afghanistan,40
lost,6 runs,,,won,2nd,Scotland,Edinburgh,06/10/18,ODI,4008,England,1
won,3 wickets,,,lost,2nd,Australia,The Oval,06/13/18,ODI,4009,England,1
lost,3 wickets,,,won,1st,England,The Oval,06/13/18,ODI,4009,Australia,2
won,38 runs,,,lost,1st,Australia,Cardiff,06/16/18,ODI,4010,England,1
lost,38 runs,,,won,2nd,England,Cardiff,06/16/18,ODI,4010,Australia,2
won,242 runs,,,lost,1st,Australia,Nottingham,06/19/18,ODI,4011,England,1
lost,242 runs,,,won,2nd,England,Nottingham,06/19/18,ODI,4011,Australia,2
won,6 wickets,,,lost,2nd,Australia,Chester-le-Street,06/21/18,ODI,4012,England,1
lost,6 wickets,,,won,1st,England,Chester-le-Street,06/21/18,ODI,4012,Australia,2
won,1 wickets,,,lost,2nd,Australia,Manchester,06/24/18,ODI,4013,England,1
lost,1 wickets,,,won,1st,England,Manchester,06/24/18,ODI,4013,Australia,2
won,8 wickets,,,won,2nd,England,Nottingham,07/12/18,ODI,4014,India,6
lost,8 wickets,,,lost,1st,India,Nottingham,07/12/18,ODI,4014,England,1
won,201 runs,,,lost,1st,Zimbabwe,Bulawayo,07/13/18,ODI,4015,Pakistan,7
lost,86 runs,,,lost,2nd,England,Lord's,07/14/18,ODI,4016,India,6
won,86 runs,,,won,1st,India,Lord's,07/14/18,ODI,4016,England,1
won,9 wickets,,,lost,2nd,Zimbabwe,Bulawayo,07/16/18,ODI,4017,Pakistan,7
lost,8 wickets,,,lost,1st,England,Leeds,07/17/18,ODI,4018,India,6
won,8 wickets,,,won,2nd,India,Leeds,07/17/18,ODI,4018,England,1
won,9 wickets,,,lost,2nd,Zimbabwe,Bulawayo,07/18/18,ODI,4019,Pakistan,7
won,244 runs,,,won,1st,Zimbabwe,Bulawayo,07/20/18,ODI,4020,Pakistan,7
won,131 runs,,,won,1st,Zimbabwe,Bulawayo,07/22/18,ODI,4021,Pakistan,7
lost,48 runs,,,lost,2nd,Bangladesh,Providence,07/22/18,ODI,4022,West Indies,4
won,48 runs,,,won,1st,West Indies,Providence,07/22/18,ODI,4022,Bangladesh,25
won,3 runs,,,lost,1st,Bangladesh,Providence,07/25/18,ODI,4023,West Indies,4
lost,3 runs,,,won,2nd,West Indies,Providence,07/25/18,ODI,4023,Bangladesh,25
lost,18 runs,,,lost,2nd,Bangladesh,Basseterre,07/28/18,ODI,4024,West Indies,4
won,18 runs,,,won,1st,West Indies,Basseterre,07/28/18,ODI,4024,Bangladesh,25
lost,5 wickets,,,won,1st,South Africa,Dambulla,07/29/18,ODI,4025,Sri Lanka,8
won,5 wickets,,,lost,2nd,Sri Lanka,Dambulla,07/29/18,ODI,4025,South Africa,3
lost,4 wickets,,,won,1st,South Africa,Dambulla,08/01/18,ODI,4027,Sri Lanka,8
won,4 wickets,,,lost,2nd,Sri Lanka,Dambulla,08/01/18,ODI,4027,South Africa,3
lost,78 runs,,,won,2nd,South Africa,Pallekele,08/05/18,ODI,4029,Sri Lanka,8
won,78 runs,,,lost,1st,Sri Lanka,Pallekele,08/05/18,ODI,4029,South Africa,3
won,3 runs,,,lost,1st,South Africa,Pallekele,08/08/18,ODI,4030,Sri Lanka,8
lost,3 runs,,,won,2nd,Sri Lanka,Pallekele,08/08/18,ODI,4030,South Africa,3
won,178 runs,,,won,1st,South Africa,Colombo (RPS),08/12/18,ODI,4031,Sri Lanka,8
lost,178 runs,,,lost,2nd,Sri Lanka,Colombo (RPS),08/12/18,ODI,4031,South Africa,3
won,29 runs,,,lost,1st,Ireland,Belfast,08/27/18,ODI,4032,Afghanistan,40
lost,3 wickets,,,won,1st,Ireland,Belfast,08/29/18,ODI,4033,Afghanistan,40
won,8 wickets,,,lost,2nd,Ireland,Belfast,08/31/18,ODI,4035,Afghanistan,40
lost,137 runs,,,lost,2nd,Bangladesh,Dubai (DSC),09/15/18,ODI,4036,Sri Lanka,8
won,137 runs,,,won,1st,Sri Lanka,Dubai (DSC),09/15/18,ODI,4036,Bangladesh,25
won,8 wickets,,,lost,2nd,Hong Kong,Dubai (DSC),09/16/18,ODI,4037,Pakistan,7
lost,91 runs,,,lost,2nd,Afghanistan,Abu Dhabi,09/17/18,ODI,4038,Sri Lanka,8
won,91 runs,,,won,1st,Sri Lanka,Abu Dhabi,09/17/18,ODI,4038,Afghanistan,40
won,26 runs,,,lost,1st,Hong Kong,Dubai (DSC),09/18/18,ODI,4039,India,6
lost,8 wickets,,,won,1st,India,Dubai (DSC),09/19/18,ODI,4040,Pakistan,7
won,8 wickets,,,lost,2nd,Pakistan,Dubai (DSC),09/19/18,ODI,4040,India,6
lost,136 runs,,,lost,2nd,Afghanistan,Abu Dhabi,09/20/18,ODI,4041,Bangladesh,25
won,136 runs,,,won,1st,Bangladesh,Abu Dhabi,09/20/18,ODI,4041,Afghanistan,40
won,7 wickets,,,won,2nd,Bangladesh,Dubai (DSC),09/21/18,ODI,4042,India,6
lost,7 wickets,,,lost,1st,India,Dubai (DSC),09/21/18,ODI,4042,Bangladesh,25
won,3 wickets,,,lost,2nd,Afghanistan,Abu Dhabi,09/21/18,ODI,4043,Pakistan,7
lost,3 wickets,,,won,1st,Pakistan,Abu Dhabi,09/21/18,ODI,4043,Afghanistan,40
lost,9 wickets,,,won,1st,India,Dubai (DSC),09/23/18,ODI,4044,Pakistan,7
won,9 wickets,,,lost,2nd,Pakistan,Dubai (DSC),09/23/18,ODI,4044,India,6
won,3 runs,,,won,1st,Afghanistan,Abu Dhabi,09/23/18,ODI,4045,Bangladesh,25
lost,3 runs,,,lost,2nd,Bangladesh,Abu Dhabi,09/23/18,ODI,4045,Afghanistan,40
tied,-,,,lost,2nd,Afghanistan,Dubai (DSC),09/25/18,ODI,4046,India,6
tied,-,,,won,1st,India,Dubai (DSC),09/25/18,ODI,4046,Afghanistan,40
lost,37 runs,,,lost,2nd,Bangladesh,Abu Dhabi,09/26/18,ODI,4047,Pakistan,7
won,37 runs,,,won,1st,Pakistan,Abu Dhabi,09/26/18,ODI,4047,Bangladesh,25
won,3 wickets,,,won,2nd,Bangladesh,Dubai (DSC),09/28/18,ODI,4048,India,6
lost,3 wickets,,,lost,1st,India,Dubai (DSC),09/28/18,ODI,4048,Bangladesh,25
won,5 wickets,,,won,2nd,Zimbabwe,Kimberley,09/30/18,ODI,4049,South Africa,3
won,120 runs,,,won,1st,Zimbabwe,Bloemfontein,10/03/18,ODI,4050,South Africa,3
won,4 wickets,,,lost,2nd,Zimbabwe,Paarl,10/06/18,ODI,4051,South Africa,3
n/r,-,,,won,2nd,England,Dambulla,10/10/18,ODI,4052,Sri Lanka,8
n/r,-,,,lost,1st,Sri Lanka,Dambulla,10/10/18,ODI,4052,England,1
lost,31 runs,,,won,2nd,England,Dambulla,10/13/18,ODI,4053,Sri Lanka,8
won,31 runs,,,lost,1st,Sri Lanka,Dambulla,10/13/18,ODI,4053,England,1
lost,7 wickets,,,lost,1st,England,Pallekele,10/17/18,ODI,4054,Sri Lanka,8
won,7 wickets,,,won,2nd,Sri Lanka,Pallekele,10/17/18,ODI,4054,England,1
lost,18 runs,,,lost,1st,England,Pallekele,10/20/18,ODI,4055,Sri Lanka,8
won,18 runs,,,won,2nd,Sri Lanka,Pallekele,10/20/18,ODI,4055,England,1
lost,8 wickets,,,lost,1st,India,Guwahati,10/21/18,ODI,4056,West Indies,4
won,8 wickets,,,won,2nd,West Indies,Guwahati,10/21/18,ODI,4056,India,6
won,28 runs,,,won,1st,Zimbabwe,Dhaka,10/21/18,ODI,4057,Bangladesh,25
won,219 runs,,,won,1st,England,Colombo (RPS),10/23/18,ODI,4058,Sri Lanka,8
lost,219 runs,,,lost,2nd,Sri Lanka,Colombo (RPS),10/23/18,ODI,4058,England,1
tied,-,,,lost,2nd,India,Visakhapatnam,10/24/18,ODI,4059,West Indies,4
tied,-,,,won,1st,West Indies,Visakhapatnam,10/24/18,ODI,4059,India,6
won,7 wickets,,,won,2nd,Zimbabwe,Chattogram,10/24/18,ODI,4060,Bangladesh,25
won,7 wickets,,,won,2nd,Zimbabwe,Chattogram,10/26/18,ODI,4061,Bangladesh,25
won,43 runs,,,lost,1st,India,Pune,10/27/18,ODI,4062,West Indies,4
lost,43 runs,,,won,2nd,West Indies,Pune,10/27/18,ODI,4062,India,6
lost,224 runs,,,lost,2nd,India,Mumbai (BS),10/29/18,ODI,4063,West Indies,4
won,224 runs,,,won,1st,West Indies,Mumbai (BS),10/29/18,ODI,4063,India,6
lost,9 wickets,,,won,1st,India,Thiruvananthapuram,11/01/18,ODI,4064,West Indies,4
won,9 wickets,,,lost,2nd,West Indies,Thiruvananthapuram,11/01/18,ODI,4064,India,6
won,6 wickets,,,won,2nd,Australia,Perth,11/04/18,ODI,4065,South Africa,3
lost,6 wickets,,,lost,1st,South Africa,Perth,11/04/18,ODI,4065,Australia,2
lost,47 runs,,,lost,2nd,New Zealand,Abu Dhabi,11/07/18,ODI,4066,Pakistan,7
won,47 runs,,,won,1st,Pakistan,Abu Dhabi,11/07/18,ODI,4066,New Zealand,5
lost,7 runs,,,won,2nd,Australia,Adelaide,11/09/18,ODI,4067,South Africa,3
won,7 runs,,,lost,1st,South Africa,Adelaide,11/09/18,ODI,4067,Australia,2
won,6 wickets,,,lost,2nd,New Zealand,Abu Dhabi,11/09/18,ODI,4068,Pakistan,7
lost,6 wickets,,,won,1st,Pakistan,Abu Dhabi,11/09/18,ODI,4068,New Zealand,5
won,40 runs,,,lost,1st,Australia,Hobart,11/11/18,ODI,4069,South Africa,3
lost,40 runs,,,won,2nd,South Africa,Hobart,11/11/18,ODI,4069,Australia,2
n/r,-,,,won,1st,New Zealand,Dubai (DSC),11/11/18,ODI,4070,Pakistan,7
n/r,-,,,lost,2nd,Pakistan,Dubai (DSC),11/11/18,ODI,4070,New Zealand,5
lost,5 wickets,,,won,1st,Bangladesh,Dhaka,12/09/18,ODI,4071,West Indies,4
won,5 wickets,,,lost,2nd,West Indies,Dhaka,12/09/18,ODI,4071,Bangladesh,25
won,4 wickets,,,won,2nd,Bangladesh,Dhaka,12/11/18,ODI,4072,West Indies,4
lost,4 wickets,,,lost,1st,West Indies,Dhaka,12/11/18,ODI,4072,Bangladesh,25
lost,8 wickets,,,lost,1st,Bangladesh,Sylhet,12/14/18,ODI,4073,West Indies,4
won,8 wickets,,,won,2nd,West Indies,Sylhet,12/14/18,ODI,4073,Bangladesh,25
lost,45 runs,,,lost,2nd,New Zealand,Mount Maunganui,01/03/19,ODI,4074,Sri Lanka,8
won,45 runs,,,won,1st,Sri Lanka,Mount Maunganui,01/03/19,ODI,4074,New Zealand,5
lost,21 runs,,,lost,2nd,New Zealand,Mount Maunganui,01/05/19,ODI,4075,Sri Lanka,8
won,21 runs,,,won,1st,Sri Lanka,Mount Maunganui,01/05/19,ODI,4075,New Zealand,5
lost,115 runs,,,won,2nd,New Zealand,Nelson,01/08/19,ODI,4076,Sri Lanka,8
won,115 runs,,,lost,1st,Sri Lanka,Nelson,01/08/19,ODI,4076,New Zealand,5
lost,34 runs,,,lost,2nd,Australia,Sydney,01/12/19,ODI,4077,India,6
won,34 runs,,,won,1st,India,Sydney,01/12/19,ODI,4077,Australia,2
won,6 wickets,,,lost,2nd,Australia,Adelaide,01/15/19,ODI,4078,India,6
lost,6 wickets,,,won,1st,India,Adelaide,01/15/19,ODI,4078,Australia,2
won,7 wickets,,,won,2nd,Australia,Melbourne,01/18/19,ODI,4079,India,6
lost,7 wickets,,,lost,1st,India,Melbourne,01/18/19,ODI,4079,Australia,2
lost,5 wickets,,,won,1st,Pakistan,Port Elizabeth,01/19/19,ODI,4080,South Africa,3
won,5 wickets,,,lost,2nd,South Africa,Port Elizabeth,01/19/19,ODI,4080,Pakistan,7
won,5 wickets,,,won,2nd,Pakistan,Durban,01/22/19,ODI,4081,South Africa,3
lost,5 wickets,,,lost,1st,South Africa,Durban,01/22/19,ODI,4081,Pakistan,7
lost,8 wickets,,,won,1st,India,Napier,01/23/19,ODI,4082,New Zealand,5
won,8 wickets,,,lost,2nd,New Zealand,Napier,01/23/19,ODI,4082,India,6
won,13 runs,,,lost,2nd,Pakistan,Centurion,01/25/19,ODI,4084,South Africa,3
lost,13 runs,,,won,1st,South Africa,Centurion,01/25/19,ODI,4084,Pakistan,7
lost,90 runs,,,lost,2nd,India,Mount Maunganui,01/26/19,ODI,4085,New Zealand,5
won,90 runs,,,won,1st,New Zealand,Mount Maunganui,01/26/19,ODI,4085,India,6
lost,8 wickets,,,lost,1st,Pakistan,Johannesburg,01/27/19,ODI,4087,South Africa,3
won,8 wickets,,,won,2nd,South Africa,Johannesburg,01/27/19,ODI,4087,Pakistan,7
lost,7 wickets,,,won,1st,India,Mount Maunganui,01/28/19,ODI,4088,New Zealand,5
won,7 wickets,,,lost,2nd,New Zealand,Mount Maunganui,01/28/19,ODI,4088,India,6
won,7 wickets,,,won,2nd,Pakistan,Cape Town,01/30/19,ODI,4090,South Africa,3
lost,7 wickets,,,lost,1st,South Africa,Cape Town,01/30/19,ODI,4090,Pakistan,7
won,8 wickets,,,won,2nd,India,Hamilton,01/31/19,ODI,4091,New Zealand,5
lost,8 wickets,,,lost,1st,New Zealand,Hamilton,01/31/19,ODI,4091,India,6
lost,35 runs,,,lost,2nd,India,Wellington,02/03/19,ODI,4092,New Zealand,5
won,35 runs,,,won,1st,New Zealand,Wellington,02/03/19,ODI,4092,India,6
won,8 wickets,,,lost,2nd,Bangladesh,Napier,02/13/19,ODI,4093,New Zealand,5
lost,8 wickets,,,won,1st,New Zealand,Napier,02/13/19,ODI,4093,Bangladesh,25
won,8 wickets,,,won,2nd,Bangladesh,Christchurch,02/16/19,ODI,4094,New Zealand,5
lost,8 wickets,,,lost,1st,New Zealand,Christchurch,02/16/19,ODI,4094,Bangladesh,25
won,88 runs,,,lost,1st,Bangladesh,Dunedin,02/20/19,ODI,4095,New Zealand,5
lost,88 runs,,,won,2nd,New Zealand,Dunedin,02/20/19,ODI,4095,Bangladesh,25
lost,6 wickets,,,won,1st,England,Bridgetown,02/20/19,ODI,4096,West Indies,4
won,6 wickets,,,lost,2nd,West Indies,Bridgetown,02/20/19,ODI,4096,England,1
won,26 runs,,,lost,1st,England,Bridgetown,02/22/19,ODI,4097,West Indies,4
lost,26 runs,,,won,2nd,West Indies,Bridgetown,02/22/19,ODI,4097,England,1
n/r,-,,,lost,-,England,St George's,02/25/19,ODI,4098,West Indies,4
n/r,-,,,won,-,West Indies,St George's,02/25/19,ODI,4098,England,1
lost,29 runs,,,won,2nd,England,St George's,02/27/19,ODI,4099,West Indies,4
won,29 runs,,,lost,1st,West Indies,St George's,02/27/19,ODI,4099,England,1
won,5 wickets,,,lost,2nd,Ireland,Dehradun,02/28/19,ODI,4100,Afghanistan,40
n/r,-,,,won,1st,Ireland,Dehradun,03/02/19,ODI,4101,Afghanistan,40
won,6 wickets,,,lost,2nd,Australia,Hyderabad (Deccan),03/02/19,ODI,4102,India,6
lost,6 wickets,,,won,1st,India,Hyderabad (Deccan),03/02/19,ODI,4102,Australia,2
won,7 wickets,,,won,2nd,England,Gros Islet,03/02/19,ODI,4103,West Indies,4
lost,7 wickets,,,lost,1st,West Indies,Gros Islet,03/02/19,ODI,4103,England,1
lost,8 wickets,,,lost,1st,South Africa,Johannesburg,03/03/19,ODI,4104,Sri Lanka,8
won,8 wickets,,,won,2nd,Sri Lanka,Johannesburg,03/03/19,ODI,4104,South Africa,3
lost,4 wickets,,,won,1st,Ireland,Dehradun,03/05/19,ODI,4105,Afghanistan,40
won,8 runs,,,lost,1st,Australia,Nagpur,03/05/19,ODI,4106,India,6
lost,8 runs,,,won,2nd,India,Nagpur,03/05/19,ODI,4106,Australia,2
lost,113 runs,,,won,2nd,South Africa,Centurion,03/06/19,ODI,4107,Sri Lanka,8
won,113 runs,,,lost,1st,Sri Lanka,Centurion,03/06/19,ODI,4107,South Africa,3
won,109 runs,,,lost,1st,Ireland,Dehradun,03/08/19,ODI,4108,Afghanistan,40
lost,32 runs,,,won,2nd,Australia,Ranchi,03/08/19,ODI,4109,India,6
won,32 runs,,,lost,1st,India,Ranchi,03/08/19,ODI,4109,Australia,2
lost,5 wickets,,,lost,1st,Ireland,Dehradun,03/10/19,ODI,4110,Afghanistan,40
lost,4 wickets,,,won,1st,Australia,Mohali,03/10/19,ODI,4111,India,6
won,4 wickets,,,lost,2nd,India,Mohali,03/10/19,ODI,4111,Australia,2
lost,71 runs,,,won,2nd,South Africa,Durban,03/10/19,ODI,4112,Sri Lanka,8
won,71 runs,,,lost,1st,Sri Lanka,Durban,03/10/19,ODI,4112,South Africa,3
lost,35 runs,,,lost,2nd,Australia,Delhi,03/13/19,ODI,4113,India,6
won,35 runs,,,won,1st,India,Delhi,03/13/19,ODI,4113,Australia,2
lost,6 wickets,,,lost,1st,South Africa,Port Elizabeth,03/13/19,ODI,4114,Sri Lanka,8
won,6 wickets,,,won,2nd,Sri Lanka,Port Elizabeth,03/13/19,ODI,4114,South Africa,3
lost,41 runs,,,won,1st,South Africa,Cape Town,03/16/19,ODI,4115,Sri Lanka,8
won,41 runs,,,lost,2nd,Sri Lanka,Cape Town,03/16/19,ODI,4115,South Africa,3
lost,8 wickets,,,won,1st,Australia,Sharjah,03/22/19,ODI,4116,Pakistan,7
won,8 wickets,,,lost,2nd,Pakistan,Sharjah,03/22/19,ODI,4116,Australia,2
lost,8 wickets,,,won,1st,Australia,Sharjah,03/24/19,ODI,4117,Pakistan,7
won,8 wickets,,,lost,2nd,Pakistan,Sharjah,03/24/19,ODI,4117,Australia,2
lost,80 runs,,,lost,2nd,Australia,Abu Dhabi,03/27/19,ODI,4118,Pakistan,7
won,80 runs,,,won,1st,Pakistan,Abu Dhabi,03/27/19,ODI,4118,Australia,2
lost,6 runs,,,won,2nd,Australia,Dubai (DSC),03/29/19,ODI,4119,Pakistan,7
won,6 runs,,,lost,1st,Pakistan,Dubai (DSC),03/29/19,ODI,4119,Australia,2
lost,20 runs,,,won,2nd,Australia,Dubai (DSC),03/31/19,ODI,4120,Pakistan,7
won,20 runs,,,lost,1st,Pakistan,Dubai (DSC),03/31/19,ODI,4120,Australia,2
won,4 wickets,,,won,2nd,Ireland,Dublin (Malahide),05/03/19,ODI,4127,England,1
won,196 runs,,,lost,1st,Ireland,Dublin,05/05/19,ODI,4128,West Indies,4
lost,8 wickets,,,won,1st,Bangladesh,Dublin,05/07/19,ODI,4129,West Indies,4
won,8 wickets,,,lost,2nd,West Indies,Dublin,05/07/19,ODI,4129,Bangladesh,25
aban,-,,,-,-,Scotland,Edinburgh,05/08/19,ODI,4129,Afghanistan,40
n/r,-,,,lost,1st,England,The Oval,05/08/19,ODI,4130,Pakistan,7
n/r,-,,,won,2nd,Pakistan,The Oval,05/08/19,ODI,4130,England,1
aban,-,,,-,-,Ireland,Dublin (Malahide),05/09/19,ODI,4130,Bangladesh,25
won,2 runs,,,lost,2nd,Scotland,Edinburgh,05/10/19,ODI,4131,Afghanistan,40
won,5 wickets,,,lost,2nd,Ireland,Dublin (Malahide),05/11/19,ODI,4132,West Indies,4
lost,12 runs,,,won,2nd,England,Southampton,05/11/19,ODI,4133,Pakistan,7
won,12 runs,,,lost,1st,Pakistan,Southampton,05/11/19,ODI,4133,England,1
lost,5 wickets,,,won,1st,Bangladesh,Dublin (Malahide),05/13/19,ODI,4134,West Indies,4
won,5 wickets,,,lost,2nd,West Indies,Dublin (Malahide),05/13/19,ODI,4134,Bangladesh,25
lost,6 wickets,,,lost,1st,England,Bristol,05/14/19,ODI,4135,Pakistan,7
won,6 wickets,,,won,2nd,Pakistan,Bristol,05/14/19,ODI,4135,England,1
won,6 wickets,,,lost,2nd,Ireland,Dublin,05/15/19,ODI,4136,Bangladesh,25
lost,5 wickets,,,lost,1st,Bangladesh,Dublin (Malahide),05/17/19,ODI,4137,West Indies,4
won,5 wickets,,,won,2nd,West Indies,Dublin (Malahide),05/17/19,ODI,4137,Bangladesh,25
lost,3 wickets,,,lost,1st,England,Nottingham,05/17/19,ODI,4138,Pakistan,7
won,3 wickets,,,won,2nd,Pakistan,Nottingham,05/17/19,ODI,4138,England,1
aban,-,,,-,-,Scotland,Edinburgh,05/18/19,ODI,4138,Sri Lanka,8
-,-,,,won,2nd,Ireland,Belfast,05/19/19,ODI,4139,Afghanistan,40
-,-,,,lost,2nd,England,Leeds,05/19/19,ODI,4140,Pakistan,7
-,-,,,won,1st,Pakistan,Leeds,05/19/19,ODI,4140,England,1
